ds,trend,yhat_lower,yhat_upper,trend_lower,trend_upper,Christmas Day,Christmas Day_lower,Christmas Day_upper,Christmas Day (observed),Christmas Day (observed)_lower,Christmas Day (observed)_upper,Columbus Day,Columbus Day_lower,Columbus Day_upper,Independence Day,Independence Day_lower,Independence Day_upper,Independence Day (observed),Independence Day (observed)_lower,Independence Day (observed)_upper,Labor Day,Labor Day_lower,Labor Day_upper,Martin Luther King Jr. Day,Martin Luther King Jr. Day_lower,Martin Luther King Jr. Day_upper,Memorial Day,Memorial Day_lower,Memorial Day_upper,New Year's Day,New Year's Day_lower,New Year's Day_upper,New Year's Day (observed),New Year's Day (observed)_lower,New Year's Day (observed)_upper,Thanksgiving Day,Thanksgiving Day_lower,Thanksgiving Day_upper,Veterans Day,Veterans Day_lower,Veterans Day_upper,Veterans Day (observed),Veterans Day (observed)_lower,Veterans Day (observed)_upper,Washington's Birthday,Washington's Birthday_lower,Washington's Birthday_upper,holidays,holidays_lower,holidays_upper,multiplicative_terms,multiplicative_terms_lower,multiplicative_terms_upper,weekly,weekly_lower,weekly_upper,yearly,yearly_lower,yearly_upper,additive_terms,additive_terms_lower,additive_terms_upper,yhat
2010-02-05,29945.671772835,27172.557608803898,32328.513467088,29945.671772835,29945.671772835,0.0,0.0,0.0,0.0,0.0,0.0,0.0,0.0,0.0,0.0,0.0,0.0,0.0,0.0,0.0,0.0,0.0,0.0,0.0,0.0,0.0,0.0,0.0,0.0,0.0,0.0,0.0,0.0,0.0,0.0,0.0,0.0,0.0,0.0,0.0,0.0,0.0,0.0,0.0,0.0,0.0,0.0,0.0,0.0,0.0,-0.005176584659816219,-0.005176584659816219,-0.005176584659816219,-0.0320321162631082,-0.0320321162631082,-0.0320321162631082,0.02685553160329198,0.02685553160329198,0.02685553160329198,0.0,0.0,0.0,29790.655467707853
2010-02-12,29950.01986031622,26715.511382087494,31979.96379545401,29950.01986031622,29950.01986031622,0.0,0.0,0.0,0.0,0.0,0.0,0.0,0.0,0.0,0.0,0.0,0.0,0.0,0.0,0.0,0.0,0.0,0.0,0.0,0.0,0.0,0.0,0.0,0.0,0.0,0.0,0.0,0.0,0.0,0.0,0.0,0.0,0.0,0.0,0.0,0.0,0.0,0.0,0.0,0.0,0.0,0.0,0.0,0.0,0.0,-0.016660090456307175,-0.016660090456307175,-0.016660090456307175,-0.0320321162631082,-0.0320321162631082,-0.0320321162631082,0.015372025806801026,0.015372025806801026,0.015372025806801026,0.0,0.0,0.0,29451.049820275155
2010-02-19,29954.367947797444,26172.711944926727,31669.06860946969,29954.367947797444,29954.367947797444,0.0,0.0,0.0,0.0,0.0,0.0,0.0,0.0,0.0,0.0,0.0,0.0,0.0,0.0,0.0,0.0,0.0,0.0,0.0,0.0,0.0,0.0,0.0,0.0,0.0,0.0,0.0,0.0,0.0,0.0,0.0,0.0,0.0,0.0,0.0,0.0,0.0,0.0,0.0,0.0,0.0,0.0,0.0,0.0,0.0,-0.03788618097106733,-0.03788618097106733,-0.03788618097106733,-0.0320321162631082,-0.0320321162631082,-0.0320321162631082,-0.005854064707959122,-0.005854064707959122,-0.005854064707959122,0.0,0.0,0.0,28819.51134285325
2010-02-26,29958.716035278663,25782.9535042279,31257.70112580826,29958.716035278663,29958.716035278663,0.0,0.0,0.0,0.0,0.0,0.0,0.0,0.0,0.0,0.0,0.0,0.0,0.0,0.0,0.0,0.0,0.0,0.0,0.0,0.0,0.0,0.0,0.0,0.0,0.0,0.0,0.0,0.0,0.0,0.0,0.0,0.0,0.0,0.0,0.0,0.0,0.0,0.0,0.0,0.0,0.0,0.0,0.0,0.0,0.0,-0.045071139844307856,-0.045071139844307856,-0.045071139844307856,-0.0320321162631082,-0.0320321162631082,-0.0320321162631082,-0.013039023581199655,-0.013039023581199655,-0.013039023581199655,0.0,0.0,0.0,28608.442555296708
2010-03-05,29963.06412275988,26399.611709745,31751.541443796534,29963.06412275988,29963.06412275988,0.0,0.0,0.0,0.0,0.0,0.0,0.0,0.0,0.0,0.0,0.0,0.0,0.0,0.0,0.0,0.0,0.0,0.0,0.0,0.0,0.0,0.0,0.0,0.0,0.0,0.0,0.0,0.0,0.0,0.0,0.0,0.0,0.0,0.0,0.0,0.0,0.0,0.0,0.0,0.0,0.0,0.0,0.0,0.0,0.0,-0.029950611336908184,-0.029950611336908184,-0.029950611336908184,-0.0320321162631082,-0.0320321162631082,-0.0320321162631082,0.002081504926200021,0.002081504926200021,0.002081504926200021,0.0,0.0,0.0,29065.65203475624
2010-03-12,29967.41220998627,26974.86872583514,32531.10536689447,29967.41220998627,29967.41220998627,0.0,0.0,0.0,0.0,0.0,0.0,0.0,0.0,0.0,0.0,0.0,0.0,0.0,0.0,0.0,0.0,0.0,0.0,0.0,0.0,0.0,0.0,0.0,0.0,0.0,0.0,0.0,0.0,0.0,0.0,0.0,0.0,0.0,0.0,0.0,0.0,0.0,0.0,0.0,0.0,0.0,0.0,0.0,0.0,0.0,-0.005063884499332618,-0.005063884499332618,-0.005063884499332618,-0.0320321162631082,-0.0320321162631082,-0.0320321162631082,0.026968231763775587,0.026968231763775587,0.026968231763775587,0.0,0.0,0.0,29815.66069581101
2010-03-19,29971.76029721265,27791.271519764974,33105.31938091297,29971.76029721265,29971.76029721265,0.0,0.0,0.0,0.0,0.0,0.0,0.0,0.0,0.0,0.0,0.0,0.0,0.0,0.0,0.0,0.0,0.0,0.0,0.0,0.0,0.0,0.0,0.0,0.0,0.0,0.0,0.0,0.0,0.0,0.0,0.0,0.0,0.0,0.0,0.0,0.0,0.0,0.0,0.0,0.0,0.0,0.0,0.0,0.0,0.0,0.01194642516036681,0.01194642516036681,0.01194642516036681,-0.0320321162631082,-0.0320321162631082,-0.0320321162631082,0.043978541423475015,0.043978541423475015,0.043978541423475015,0.0,0.0,0.0,30329.815688527753
2010-03-26,29976.10838443904,27711.454996552504,32933.148540551636,29976.10838443904,29976.10838443904,0.0,0.0,0.0,0.0,0.0,0.0,0.0,0.0,0.0,0.0,0.0,0.0,0.0,0.0,0.0,0.0,0.0,0.0,0.0,0.0,0.0,0.0,0.0,0.0,0.0,0.0,0.0,0.0,0.0,0.0,0.0,0.0,0.0,0.0,0.0,0.0,0.0,0.0,0.0,0.0,0.0,0.0,0.0,0.0,0.0,0.014586925160091814,0.014586925160091814,0.014586925160091814,-0.0320321162631082,-0.0320321162631082,-0.0320321162631082,0.04661904142320002,0.04661904142320002,0.04661904142320002,0.0,0.0,0.0,30413.367634033657
2010-04-02,29980.45646943457,27600.408724405144,33009.00305292867,29980.45646943457,29980.45646943457,0.0,0.0,0.0,0.0,0.0,0.0,0.0,0.0,0.0,0.0,0.0,0.0,0.0,0.0,0.0,0.0,0.0,0.0,0.0,0.0,0.0,0.0,0.0,0.0,0.0,0.0,0.0,0.0,0.0,0.0,0.0,0.0,0.0,0.0,0.0,0.0,0.0,0.0,0.0,0.0,0.0,0.0,0.0,0.0,0.0,0.008005057130429701,0.008005057130429701,0.008005057130429701,-0.0320321162631082,-0.0320321162631082,-0.0320321162631082,0.040037173393537906,0.040037173393537906,0.040037173393537906,0.0,0.0,0.0,30220.45173626876
2010-04-09,29984.804554430106,27199.582084343783,32539.594554546147,29984.804554430106,29984.804554430106,0.0,0.0,0.0,0.0,0.0,0.0,0.0,0.0,0.0,0.0,0.0,0.0,0.0,0.0,0.0,0.0,0.0,0.0,0.0,0.0,0.0,0.0,0.0,0.0,0.0,0.0,0.0,0.0,0.0,0.0,0.0,0.0,0.0,0.0,0.0,0.0,0.0,0.0,0.0,0.0,0.0,0.0,0.0,0.0,0.0,-0.0012357726724970975,-0.0012357726724970975,-0.0012357726724970975,-0.0320321162631082,-0.0320321162631082,-0.0320321162631082,0.030796343590611105,0.030796343590611105,0.030796343590611105,0.0,0.0,0.0,29947.750152371576
2010-04-16,29989.15263942564,26991.096405588356,32248.030114618905,29989.15263942564,29989.15263942564,0.0,0.0,0.0,0.0,0.0,0.0,0.0,0.0,0.0,0.0,0.0,0.0,0.0,0.0,0.0,0.0,0.0,0.0,0.0,0.0,0.0,0.0,0.0,0.0,0.0,0.0,0.0,0.0,0.0,0.0,0.0,0.0,0.0,0.0,0.0,0.0,0.0,0.0,0.0,0.0,0.0,0.0,0.0,0.0,0.0,-0.01075422050172071,-0.01075422050172071,-0.01075422050172071,-0.0320321162631082,-0.0320321162631082,-0.0320321162631082,0.02127789576138749,0.02127789576138749,0.02127789576138749,0.0,0.0,0.0,29666.642679281496
2010-04-23,29993.50072442117,26862.711960732853,32101.717690871592,29993.50072442117,29993.50072442117,0.0,0.0,0.0,0.0,0.0,0.0,0.0,0.0,0.0,0.0,0.0,0.0,0.0,0.0,0.0,0.0,0.0,0.0,0.0,0.0,0.0,0.0,0.0,0.0,0.0,0.0,0.0,0.0,0.0,0.0,0.0,0.0,0.0,0.0,0.0,0.0,0.0,0.0,0.0,0.0,0.0,0.0,0.0,0.0,0.0,-0.018851809525458636,-0.018851809525458636,-0.018851809525458636,-0.0320321162631082,-0.0320321162631082,-0.0320321162631082,0.01318030673764957,0.01318030673764957,0.01318030673764957,0.0,0.0,0.0,29428.068961762678
2010-04-30,29997.848809396462,26791.54142436898,32017.57281151307,29997.848809396462,29997.848809396462,0.0,0.0,0.0,0.0,0.0,0.0,0.0,0.0,0.0,0.0,0.0,0.0,0.0,0.0,0.0,0.0,0.0,0.0,0.0,0.0,0.0,0.0,0.0,0.0,0.0,0.0,0.0,0.0,0.0,0.0,0.0,0.0,0.0,0.0,0.0,0.0,0.0,0.0,0.0,0.0,0.0,0.0,0.0,0.0,0.0,-0.021395759302902377,-0.021395759302902377,-0.021395759302902377,-0.0320321162631082,-0.0320321162631082,-0.0320321162631082,0.010636356960205824,0.010636356960205824,0.010636356960205824,0.0,0.0,0.0,29356.02205666576
2010-05-07,30002.19689437175,26951.93876593226,32357.268077992172,30002.19689437175,30002.19689437175,0.0,0.0,0.0,0.0,0.0,0.0,0.0,0.0,0.0,0.0,0.0,0.0,0.0,0.0,0.0,0.0,0.0,0.0,0.0,0.0,0.0,0.0,0.0,0.0,0.0,0.0,0.0,0.0,0.0,0.0,0.0,0.0,0.0,0.0,0.0,0.0,0.0,0.0,0.0,0.0,0.0,0.0,0.0,0.0,0.0,-0.01618995443682815,-0.01618995443682815,-0.01618995443682815,-0.0320321162631082,-0.0320321162631082,-0.0320321162631082,0.015842161826280055,0.015842161826280055,0.015842161826280055,0.0,0.0,0.0,29516.462693647125
2010-05-14,30006.54497934704,27178.774148874603,32430.04099273431,30006.54497934704,30006.54497934704,0.0,0.0,0.0,0.0,0.0,0.0,0.0,0.0,0.0,0.0,0.0,0.0,0.0,0.0,0.0,0.0,0.0,0.0,0.0,0.0,0.0,0.0,0.0,0.0,0.0,0.0,0.0,0.0,0.0,0.0,0.0,0.0,0.0,0.0,0.0,0.0,0.0,0.0,0.0,0.0,0.0,0.0,0.0,0.0,0.0,-0.00843869787934942,-0.00843869787934942,-0.00843869787934942,-0.0320321162631082,-0.0320321162631082,-0.0320321162631082,0.02359341838375878,0.02359341838375878,0.02359341838375878,0.0,0.0,0.0,29753.328811863223
2010-05-21,30010.893064468884,26977.938442990857,32469.675562858025,30010.893064468884,30010.893064468884,0.0,0.0,0.0,0.0,0.0,0.0,0.0,0.0,0.0,0.0,0.0,0.0,0.0,0.0,0.0,0.0,0.0,0.0,0.0,0.0,0.0,0.0,0.0,0.0,0.0,0.0,0.0,0.0,0.0,0.0,0.0,0.0,0.0,0.0,0.0,0.0,0.0,0.0,0.0,0.0,0.0,0.0,0.0,0.0,0.0,-0.007083546394534903,-0.007083546394534903,-0.007083546394534903,-0.0320321162631082,-0.0320321162631082,-0.0320321162631082,0.024948569868573297,0.024948569868573297,0.024948569868573297,0.0,0.0,0.0,29798.309511105293
2010-05-28,30015.241149590733,27200.926149674862,32154.81293609817,30015.241149590733,30015.241149590733,0.0,0.0,0.0,0.0,0.0,0.0,0.0,0.0,0.0,0.0,0.0,0.0,0.0,0.0,0.0,0.0,0.0,0.0,0.0,0.0,0.0,0.0,0.0,0.0,0.0,0.0,0.0,0.0,0.0,0.0,0.0,0.0,0.0,0.0,0.0,0.0,0.0,0.0,0.0,0.0,0.0,0.0,0.0,0.0,0.0,-0.014200531483317274,-0.014200531483317274,-0.014200531483317274,-0.0320321162631082,-0.0320321162631082,-0.0320321162631082,0.017831584779790927,0.017831584779790927,0.017831584779790927,0.0,0.0,0.0,29589.00877266661
2010-06-04,30019.589234712577,26877.04502004041,32159.92276748163,30019.589234712577,30019.589234712577,0.0,0.0,0.0,0.0,0.0,0.0,0.0,0.0,0.0,0.0,0.0,0.0,0.0,0.0,0.0,0.0,0.0,0.0,0.0,0.0,0.0,0.0,0.0,0.0,0.0,0.0,0.0,0.0,0.0,0.0,0.0,0.0,0.0,0.0,0.0,0.0,0.0,0.0,0.0,0.0,0.0,0.0,0.0,0.0,0.0,-0.021107531175776073,-0.021107531175776073,-0.021107531175776073,-0.0320321162631082,-0.0320321162631082,-0.0320321162631082,0.010924585087332128,0.010924585087332128,0.010924585087332128,0.0,0.0,0.0,29385.949819056892
2010-06-11,30023.937319834422,26941.573293020763,32242.79226254826,30023.937319834422,30023.937319834422,0.0,0.0,0.0,0.0,0.0,0.0,0.0,0.0,0.0,0.0,0.0,0.0,0.0,0.0,0.0,0.0,0.0,0.0,0.0,0.0,0.0,0.0,0.0,0.0,0.0,0.0,0.0,0.0,0.0,0.0,0.0,0.0,0.0,0.0,0.0,0.0,0.0,0.0,0.0,0.0,0.0,0.0,0.0,0.0,0.0,-0.018120759954634223,-0.018120759954634223,-0.018120759954634223,-0.0320321162631082,-0.0320321162631082,-0.0320321162631082,0.013911356308473977,0.013911356308473977,0.013911356308473977,0.0,0.0,0.0,29479.88075876872
2010-06-18,30028.285405226474,27318.48148451941,32413.68692246755,30028.285405226474,30028.285405226474,0.0,0.0,0.0,0.0,0.0,0.0,0.0,0.0,0.0,0.0,0.0,0.0,0.0,0.0,0.0,0.0,0.0,0.0,0.0,0.0,0.0,0.0,0.0,0.0,0.0,0.0,0.0,0.0,0.0,0.0,0.0,0.0,0.0,0.0,0.0,0.0,0.0,0.0,0.0,0.0,0.0,0.0,0.0,0.0,0.0,-0.007229909669934521,-0.007229909669934521,-0.007229909669934521,-0.0320321162631082,-0.0320321162631082,-0.0320321162631082,0.02480220659317368,0.02480220659317368,0.02480220659317368,0.0,0.0,0.0,29811.183614203674
2010-06-25,30032.633490618526,27321.29563371131,32587.092070072133,30032.633490618526,30032.633490618526,0.0,0.0,0.0,0.0,0.0,0.0,0.0,0.0,0.0,0.0,0.0,0.0,0.0,0.0,0.0,0.0,0.0,0.0,0.0,0.0,0.0,0.0,0.0,0.0,0.0,0.0,0.0,0.0,0.0,0.0,0.0,0.0,0.0,0.0,0.0,0.0,0.0,0.0,0.0,0.0,0.0,0.0,0.0,0.0,0.0,-0.0016029675453186863,-0.0016029675453186863,-0.0016029675453186863,-0.0320321162631082,-0.0320321162631082,-0.0320321162631082,0.030429148717789515,0.030429148717789515,0.030429148717789515,0.0,0.0,0.0,29984.492153832616
2010-07-02,30036.981576010574,27200.884690646286,32313.555353224634,30036.981576010574,30036.981576010574,0.0,0.0,0.0,0.0,0.0,0.0,0.0,0.0,0.0,0.0,0.0,0.0,0.0,0.0,0.0,0.0,0.0,0.0,0.0,0.0,0.0,0.0,0.0,0.0,0.0,0.0,0.0,0.0,0.0,0.0,0.0,0.0,0.0,0.0,0.0,0.0,0.0,0.0,0.0,0.0,0.0,0.0,0.0,0.0,0.0,-0.011206565761449861,-0.011206565761449861,-0.011206565761449861,-0.0320321162631082,-0.0320321162631082,-0.0320321162631082,0.02082555050165834,0.02082555050165834,0.02082555050165834,0.0,0.0,0.0,29700.370166703553
2010-07-09,30041.329661402626,26410.837208896803,31840.13217586526,30041.329661402626,30041.329661402626,0.0,0.0,0.0,0.0,0.0,0.0,0.0,0.0,0.0,0.0,0.0,0.0,0.0,0.0,0.0,0.0,0.0,0.0,0.0,0.0,0.0,0.0,0.0,0.0,0.0,0.0,0.0,0.0,0.0,0.0,0.0,0.0,0.0,0.0,0.0,0.0,0.0,0.0,0.0,0.0,0.0,0.0,0.0,0.0,0.0,-0.031211685691051892,-0.031211685691051892,-0.031211685691051892,-0.0320321162631082,-0.0320321162631082,-0.0320321162631082,0.000820430572056309,0.000820430572056309,0.000820430572056309,0.0,0.0,0.0,29103.68912226965
2010-07-16,30045.67774674998,26100.344805846093,31340.309704173884,30045.67774674998,30045.67774674998,0.0,0.0,0.0,0.0,0.0,0.0,0.0,0.0,0.0,0.0,0.0,0.0,0.0,0.0,0.0,0.0,0.0,0.0,0.0,0.0,0.0,0.0,0.0,0.0,0.0,0.0,0.0,0.0,0.0,0.0,0.0,0.0,0.0,0.0,0.0,0.0,0.0,0.0,0.0,0.0,0.0,0.0,0.0,0.0,0.0,-0.04692769600403168,-0.04692769600403168,-0.04692769600403168,-0.0320321162631082,-0.0320321162631082,-0.0320321162631082,-0.01489557974092348,-0.01489557974092348,-0.01489557974092348,0.0,0.0,0.0,28635.7033152154
2010-07-23,30050.025832097333,25864.750085725536,31415.17526827931,30050.025832097333,30050.025832097333,0.0,0.0,0.0,0.0,0.0,0.0,0.0,0.0,0.0,0.0,0.0,0.0,0.0,0.0,0.0,0.0,0.0,0.0,0.0,0.0,0.0,0.0,0.0,0.0,0.0,0.0,0.0,0.0,0.0,0.0,0.0,0.0,0.0,0.0,0.0,0.0,0.0,0.0,0.0,0.0,0.0,0.0,0.0,0.0,0.0,-0.04903622672700662,-0.04903622672700662,-0.04903622672700662,-0.0320321162631082,-0.0320321162631082,-0.0320321162631082,-0.017004110463898412,-0.017004110463898412,-0.017004110463898412,0.0,0.0,0.0,28576.485952242205
2010-07-30,30054.373917444686,26368.22323935951,31418.40291332665,30054.373917444686,30054.373917444686,0.0,0.0,0.0,0.0,0.0,0.0,0.0,0.0,0.0,0.0,0.0,0.0,0.0,0.0,0.0,0.0,0.0,0.0,0.0,0.0,0.0,0.0,0.0,0.0,0.0,0.0,0.0,0.0,0.0,0.0,0.0,0.0,0.0,0.0,0.0,0.0,0.0,0.0,0.0,0.0,0.0,0.0,0.0,0.0,0.0,-0.041049450294469395,-0.041049450294469395,-0.041049450294469395,-0.0320321162631082,-0.0320321162631082,-0.0320321162631082,-0.009017334031361193,-0.009017334031361193,-0.009017334031361193,0.0,0.0,0.0,28820.658389189142
2010-08-06,30058.722002206352,26410.357343244865,31570.016056279375,30058.722002206352,30058.722002206352,0.0,0.0,0.0,0.0,0.0,0.0,0.0,0.0,0.0,0.0,0.0,0.0,0.0,0.0,0.0,0.0,0.0,0.0,0.0,0.0,0.0,0.0,0.0,0.0,0.0,0.0,0.0,0.0,0.0,0.0,0.0,0.0,0.0,0.0,0.0,0.0,0.0,0.0,0.0,0.0,0.0,0.0,0.0,0.0,0.0,-0.03186141339855349,-0.03186141339855349,-0.03186141339855349,-0.0320321162631082,-0.0320321162631082,-0.0320321162631082,0.00017070286455471542,0.00017070286455471542,0.00017070286455471542,0.0,0.0,0.0,29101.00863426186
2010-08-13,30063.07008696802,26532.08649312432,31953.78403910206,30063.07008696802,30063.07008696802,0.0,0.0,0.0,0.0,0.0,0.0,0.0,0.0,0.0,0.0,0.0,0.0,0.0,0.0,0.0,0.0,0.0,0.0,0.0,0.0,0.0,0.0,0.0,0.0,0.0,0.0,0.0,0.0,0.0,0.0,0.0,0.0,0.0,0.0,0.0,0.0,0.0,0.0,0.0,0.0,0.0,0.0,0.0,0.0,0.0,-0.025173759945785197,-0.025173759945785197,-0.025173759945785197,-0.0320321162631082,-0.0320321162631082,-0.0320321162631082,0.006858356317323006,0.006858356317323006,0.006858356317323006,0.0,0.0,0.0,29306.26957736537
2010-08-20,30067.41817172969,26886.18618470124,32032.410177720096,30067.41817172969,30067.41817172969,0.0,0.0,0.0,0.0,0.0,0.0,0.0,0.0,0.0,0.0,0.0,0.0,0.0,0.0,0.0,0.0,0.0,0.0,0.0,0.0,0.0,0.0,0.0,0.0,0.0,0.0,0.0,0.0,0.0,0.0,0.0,0.0,0.0,0.0,0.0,0.0,0.0,0.0,0.0,0.0,0.0,0.0,0.0,0.0,0.0,-0.019707987437822753,-0.019707987437822753,-0.019707987437822753,-0.0320321162631082,-0.0320321162631082,-0.0320321162631082,0.012324128825285453,0.012324128825285453,0.012324128825285453,0.0,0.0,0.0,29474.849872113475
2010-08-27,30071.766256491355,27020.27982541031,31968.121007905862,30071.766256491355,30071.766256491355,0.0,0.0,0.0,0.0,0.0,0.0,0.0,0.0,0.0,0.0,0.0,0.0,0.0,0.0,0.0,0.0,0.0,0.0,0.0,0.0,0.0,0.0,0.0,0.0,0.0,0.0,0.0,0.0,0.0,0.0,0.0,0.0,0.0,0.0,0.0,0.0,0.0,0.0,0.0,0.0,0.0,0.0,0.0,0.0,0.0,-0.017479250054198526,-0.017479250054198526,-0.017479250054198526,-0.0320321162631082,-0.0320321162631082,-0.0320321162631082,0.014552866208909675,0.014552866208909675,0.014552866208909675,0.0,0.0,0.0,29546.134334522736
2010-09-03,30076.11434183801,26593.47641359476,32165.091487995225,30076.11434183801,30076.11434183801,0.0,0.0,0.0,0.0,0.0,0.0,0.0,0.0,0.0,0.0,0.0,0.0,0.0,0.0,0.0,0.0,0.0,0.0,0.0,0.0,0.0,0.0,0.0,0.0,0.0,0.0,0.0,0.0,0.0,0.0,0.0,0.0,0.0,0.0,0.0,0.0,0.0,0.0,0.0,0.0,0.0,0.0,0.0,0.0,0.0,-0.025375372859172463,-0.025375372859172463,-0.025375372859172463,-0.0320321162631082,-0.0320321162631082,-0.0320321162631082,0.006656743403935738,0.006656743403935738,0.006656743403935738,0.0,0.0,0.0,29312.921726258766
2010-09-10,30080.462427184666,26182.80555722678,31384.285699103606,30080.462427184666,30080.462427184666,0.0,0.0,0.0,0.0,0.0,0.0,0.0,0.0,0.0,0.0,0.0,0.0,0.0,0.0,0.0,0.0,0.0,0.0,0.0,0.0,0.0,0.0,0.0,0.0,0.0,0.0,0.0,0.0,0.0,0.0,0.0,0.0,0.0,0.0,0.0,0.0,0.0,0.0,0.0,0.0,0.0,0.0,0.0,0.0,0.0,-0.04509083872828376,-0.04509083872828376,-0.04509083872828376,-0.03203211626310821,-0.03203211626310821,-0.03203211626310821,-0.013058722465175553,-0.013058722465175553,-0.013058722465175553,0.0,0.0,0.0,28724.109147008283
2010-09-17,30084.81051253132,25462.936116672205,30847.17363474519,30084.81051253132,30084.81051253132,0.0,0.0,0.0,0.0,0.0,0.0,0.0,0.0,0.0,0.0,0.0,0.0,0.0,0.0,0.0,0.0,0.0,0.0,0.0,0.0,0.0,0.0,0.0,0.0,0.0,0.0,0.0,0.0,0.0,0.0,0.0,0.0,0.0,0.0,0.0,0.0,0.0,0.0,0.0,0.0,0.0,0.0,0.0,0.0,0.0,-0.0651524552227641,-0.0651524552227641,-0.0651524552227641,-0.0320321162631082,-0.0320321162631082,-0.0320321162631082,-0.033120338959655896,-0.033120338959655896,-0.033120338959655896,0.0,0.0,0.0,28124.711242728277
2010-09-24,30089.158597849346,25208.220311450586,30736.456567910514,30089.158597849346,30089.158597849346,0.0,0.0,0.0,0.0,0.0,0.0,0.0,0.0,0.0,0.0,0.0,0.0,0.0,0.0,0.0,0.0,0.0,0.0,0.0,0.0,0.0,0.0,0.0,0.0,0.0,0.0,0.0,0.0,0.0,0.0,0.0,0.0,0.0,0.0,0.0,0.0,0.0,0.0,0.0,0.0,0.0,0.0,0.0,0.0,0.0,-0.06955359149563344,-0.06955359149563344,-0.06955359149563344,-0.0320321162631082,-0.0320321162631082,-0.0320321162631082,-0.037521475232525234,-0.037521475232525234,-0.037521475232525234,0.0,0.0,0.0,27996.349552287207
2010-10-01,30093.506683167376,25696.41039095578,31048.92615831597,30093.506683167376,30093.506683167376,0.0,0.0,0.0,0.0,0.0,0.0,0.0,0.0,0.0,0.0,0.0,0.0,0.0,0.0,0.0,0.0,0.0,0.0,0.0,0.0,0.0,0.0,0.0,0.0,0.0,0.0,0.0,0.0,0.0,0.0,0.0,0.0,0.0,0.0,0.0,0.0,0.0,0.0,0.0,0.0,0.0,0.0,0.0,0.0,0.0,-0.056333687609668816,-0.056333687609668816,-0.056333687609668816,-0.0320321162631082,-0.0320321162631082,-0.0320321162631082,-0.024301571346560615,-0.024301571346560615,-0.024301571346560615,0.0,0.0,0.0,28398.228478598343
2010-10-08,30097.854768485406,26253.554537669854,31229.39256212924,30097.854768485406,30097.854768485406,0.0,0.0,0.0,0.0,0.0,0.0,0.0,0.0,0.0,0.0,0.0,0.0,0.0,0.0,0.0,0.0,0.0,0.0,0.0,0.0,0.0,0.0,0.0,0.0,0.0,0.0,0.0,0.0,0.0,0.0,0.0,0.0,0.0,0.0,0.0,0.0,0.0,0.0,0.0,0.0,0.0,0.0,0.0,0.0,0.0,-0.043083426231707966,-0.043083426231707966,-0.043083426231707966,-0.0320321162631082,-0.0320321162631082,-0.0320321162631082,-0.011051309968599765,-0.011051309968599765,-0.011051309968599765,0.0,0.0,0.0,28801.136062834707
2010-10-15,30102.202853803436,26085.77239288948,31114.669070199612,30102.202853803436,30102.202853803436,0.0,0.0,0.0,0.0,0.0,0.0,0.0,0.0,0.0,0.0,0.0,0.0,0.0,0.0,0.0,0.0,0.0,0.0,0.0,0.0,0.0,0.0,0.0,0.0,0.0,0.0,0.0,0.0,0.0,0.0,0.0,0.0,0.0,0.0,0.0,0.0,0.0,0.0,0.0,0.0,0.0,0.0,0.0,0.0,0.0,-0.04881497018335046,-0.04881497018335046,-0.04881497018335046,-0.0320321162631082,-0.0320321162631082,-0.0320321162631082,-0.016782853920242258,-0.016782853920242258,-0.016782853920242258,0.0,0.0,0.0,28632.764719041854
2010-10-22,30106.55093834894,25373.168039155244,30567.40109990414,30106.55093834894,30106.55093834894,0.0,0.0,0.0,0.0,0.0,0.0,0.0,0.0,0.0,0.0,0.0,0.0,0.0,0.0,0.0,0.0,0.0,0.0,0.0,0.0,0.0,0.0,0.0,0.0,0.0,0.0,0.0,0.0,0.0,0.0,0.0,0.0,0.0,0.0,0.0,0.0,0.0,0.0,0.0,0.0,0.0,0.0,0.0,0.0,0.0,-0.07081674363319539,-0.07081674363319539,-0.07081674363319539,-0.0320321162631082,-0.0320321162631082,-0.0320321162631082,-0.038784627370087185,-0.038784627370087185,-0.038784627370087185,0.0,0.0,0.0,27974.503038868148
2010-10-29,30110.89902289445,24904.90135929876,30093.530427844424,30110.89902289445,30110.89902289445,0.0,0.0,0.0,0.0,0.0,0.0,0.0,0.0,0.0,0.0,0.0,0.0,0.0,0.0,0.0,0.0,0.0,0.0,0.0,0.0,0.0,0.0,0.0,0.0,0.0,0.0,0.0,0.0,0.0,0.0,0.0,0.0,0.0,0.0,0.0,0.0,0.0,0.0,0.0,0.0,0.0,0.0,0.0,0.0,0.0,-0.08471856076578031,-0.08471856076578031,-0.08471856076578031,-0.0320321162631082,-0.0320321162631082,-0.0320321162631082,-0.052686444502672104,-0.052686444502672104,-0.052686444502672104,0.0,0.0,0.0,27559.94699431109
2010-11-05,30115.247107439955,25376.73255021222,30580.04091801046,30115.247107439955,30115.247107439955,0.0,0.0,0.0,0.0,0.0,0.0,0.0,0.0,0.0,0.0,0.0,0.0,0.0,0.0,0.0,0.0,0.0,0.0,0.0,0.0,0.0,0.0,0.0,0.0,0.0,0.0,0.0,0.0,0.0,0.0,0.0,0.0,0.0,0.0,0.0,0.0,0.0,0.0,0.0,0.0,0.0,0.0,0.0,0.0,0.0,-0.07084335389543482,-0.07084335389543482,-0.07084335389543482,-0.0320321162631082,-0.0320321162631082,-0.0320321162631082,-0.03881123763232661,-0.03881123763232661,-0.03881123763232661,0.0,0.0,0.0,27981.781998959115
2010-11-12,30119.59519198546,26282.64920514105,31583.39478911465,30119.59519198546,30119.59519198546,0.0,0.0,0.0,0.0,0.0,0.0,0.0,0.0,0.0,0.0,0.0,0.0,0.0,0.0,0.0,0.0,0.0,0.0,0.0,0.0,0.0,0.0,0.0,0.0,0.0,0.0,0.0,0.0,0.0,0.0,0.0,0.0,0.0,0.0,0.0,0.0,0.0,0.0,0.0,0.0,0.0,0.0,0.0,0.0,0.0,-0.0379646372240774,-0.0379646372240774,-0.0379646372240774,-0.0320321162631082,-0.0320321162631082,-0.0320321162631082,-0.005932520960969195,-0.005932520960969195,-0.005932520960969195,0.0,0.0,0.0,28976.115687185666
2010-11-19,30123.943276999984,27052.871985195572,32127.567028382327,30123.943276999984,30123.943276999984,0.0,0.0,0.0,0.0,0.0,0.0,0.0,0.0,0.0,0.0,0.0,0.0,0.0,0.0,0.0,0.0,0.0,0.0,0.0,0.0,0.0,0.0,0.0,0.0,0.0,0.0,0.0,0.0,0.0,0.0,0.0,0.0,0.0,0.0,0.0,0.0,0.0,0.0,0.0,0.0,0.0,0.0,0.0,0.0,0.0,-0.016103049928369945,-0.016103049928369945,-0.016103049928369945,-0.0320321162631082,-0.0320321162631082,-0.0320321162631082,0.015929066334738257,0.015929066334738257,0.015929066334738257,0.0,0.0,0.0,29638.85591437107
2010-11-26,30128.291362014505,26697.234692348826,31873.70426533115,30128.291362014505,30128.291362014505,0.0,0.0,0.0,0.0,0.0,0.0,0.0,0.0,0.0,0.0,0.0,0.0,0.0,0.0,0.0,0.0,0.0,0.0,0.0,0.0,0.0,0.0,0.0,0.0,0.0,0.0,0.0,0.0,0.0,0.0,0.0,0.0,0.0,0.0,0.0,0.0,0.0,0.0,0.0,0.0,0.0,0.0,0.0,0.0,0.0,-0.024874030018677242,-0.024874030018677242,-0.024874030018677242,-0.0320321162631082,-0.0320321162631082,-0.0320321162631082,0.007158086244430962,0.007158086244430962,0.007158086244430962,0.0,0.0,0.0,29378.8793382643
2010-12-03,30132.639447029025,25828.352644438863,31168.543071222626,30132.639447029025,30132.639447029025,0.0,0.0,0.0,0.0,0.0,0.0,0.0,0.0,0.0,0.0,0.0,0.0,0.0,0.0,0.0,0.0,0.0,0.0,0.0,0.0,0.0,0.0,0.0,0.0,0.0,0.0,0.0,0.0,0.0,0.0,0.0,0.0,0.0,0.0,0.0,0.0,0.0,0.0,0.0,0.0,0.0,0.0,0.0,0.0,0.0,-0.052825812089194346,-0.052825812089194346,-0.052825812089194346,-0.0320321162631082,-0.0320321162631082,-0.0320321162631082,-0.020793695826086138,-0.020793695826086138,-0.020793695826086138,0.0,0.0,0.0,28540.858297848827
2010-12-10,30136.98753284252,25330.914573889208,30816.66010780157,30136.98753284252,30136.98753284252,0.0,0.0,0.0,0.0,0.0,0.0,0.0,0.0,0.0,0.0,0.0,0.0,0.0,0.0,0.0,0.0,0.0,0.0,0.0,0.0,0.0,0.0,0.0,0.0,0.0,0.0,0.0,0.0,0.0,0.0,0.0,0.0,0.0,0.0,0.0,0.0,0.0,0.0,0.0,0.0,0.0,0.0,0.0,0.0,0.0,-0.07118968057326473,-0.07118968057326473,-0.07118968057326473,-0.0320321162631082,-0.0320321162631082,-0.0320321162631082,-0.03915756431015653,-0.03915756431015653,-0.03915756431015653,0.0,0.0,0.0,27991.545016939
2010-12-17,30141.33561865601,25494.28269360369,30617.023577917083,30141.33561865601,30141.33561865601,0.0,0.0,0.0,0.0,0.0,0.0,0.0,0.0,0.0,0.0,0.0,0.0,0.0,0.0,0.0,0.0,0.0,0.0,0.0,0.0,0.0,0.0,0.0,0.0,0.0,0.0,0.0,0.0,0.0,0.0,0.0,0.0,0.0,0.0,0.0,0.0,0.0,0.0,0.0,0.0,0.0,0.0,0.0,0.0,0.0,-0.06580410454225924,-0.06580410454225924,-0.06580410454225924,-0.0320321162631082,-0.0320321162631082,-0.0320321162631082,-0.033771988279151045,-0.033771988279151045,-0.033771988279151045,0.0,0.0,0.0,28157.912018562645
2010-12-24,30145.6837044695,28686.388176382156,33818.315663557776,30145.6837044695,30145.6837044695,0.0,0.0,0.0,0.087838187,0.087838187,0.087838187,0.0,0.0,0.0,0.0,0.0,0.0,0.0,0.0,0.0,0.0,0.0,0.0,0.0,0.0,0.0,0.0,0.0,0.0,0.0,0.0,0.0,0.0,0.0,0.0,0.0,0.0,0.0,0.0,0.0,0.0,0.0,0.0,0.0,0.0,0.0,0.0,0.087838187,0.087838187,0.087838187,0.03745615108121362,0.03745615108121362,0.03745615108121362,-0.0320321162631082,-0.0320321162631082,-0.0320321162631082,-0.018349919655678174,-0.018349919655678174,-0.018349919655678174,0.0,0.0,0.0,31274.82498775059
2010-12-31,30150.031790282985,21329.99889042268,26659.16224539351,30150.031790282985,30150.031790282985,0.0,0.0,0.0,0.0,0.0,0.0,0.0,0.0,0.0,0.0,0.0,0.0,0.0,0.0,0.0,0.0,0.0,0.0,0.0,0.0,0.0,0.0,0.0,0.0,0.0,0.0,0.0,-0.1566164,-0.1566164,-0.1566164,0.0,0.0,0.0,0.0,0.0,0.0,0.0,0.0,0.0,0.0,0.0,0.0,-0.1566164,-0.1566164,-0.1566164,-0.20363886947075574,-0.20363886947075574,-0.20363886947075574,-0.0320321162631082,-0.0320321162631082,-0.0320321162631082,-0.014990353207647546,-0.014990353207647546,-0.014990353207647546,0.0,0.0,0.0,24010.31340200241
2011-01-07,30154.379875917708,25650.852910631693,30928.402438520658,30154.379875917708,30154.379875917708,0.0,0.0,0.0,0.0,0.0,0.0,0.0,0.0,0.0,0.0,0.0,0.0,0.0,0.0,0.0,0.0,0.0,0.0,0.0,0.0,0.0,0.0,0.0,0.0,0.0,0.0,0.0,0.0,0.0,0.0,0.0,0.0,0.0,0.0,0.0,0.0,0.0,0.0,0.0,0.0,0.0,0.0,0.0,0.0,0.0,-0.058512328980849446,-0.058512328980849446,-0.058512328980849446,-0.0320321162631082,-0.0320321162631082,-0.0320321162631082,-0.02648021271774124,-0.02648021271774124,-0.02648021271774124,0.0,0.0,0.0,28389.976880404505
2011-01-14,30158.727961552428,25474.04938695527,30676.26669261061,30158.727961552428,30158.727961552428,0.0,0.0,0.0,0.0,0.0,0.0,0.0,0.0,0.0,0.0,0.0,0.0,0.0,0.0,0.0,0.0,0.0,0.0,0.0,0.0,0.0,0.0,0.0,0.0,0.0,0.0,0.0,0.0,0.0,0.0,0.0,0.0,0.0,0.0,0.0,0.0,0.0,0.0,0.0,0.0,0.0,0.0,0.0,0.0,0.0,-0.06556424810275713,-0.06556424810275713,-0.06556424810275713,-0.0320321162631082,-0.0320321162631082,-0.0320321162631082,-0.033532131839648927,-0.033532131839648927,-0.033532131839648927,0.0,0.0,0.0,28181.393639017642
2011-01-21,30163.07604718715,26078.06692349559,31118.939951668868,30163.07604718715,30163.07604718715,0.0,0.0,0.0,0.0,0.0,0.0,0.0,0.0,0.0,0.0,0.0,0.0,0.0,0.0,0.0,0.0,0.0,0.0,0.0,0.0,0.0,0.0,0.0,0.0,0.0,0.0,0.0,0.0,0.0,0.0,0.0,0.0,0.0,0.0,0.0,0.0,0.0,0.0,0.0,0.0,0.0,0.0,0.0,0.0,0.0,-0.051357196352459875,-0.051357196352459875,-0.051357196352459875,-0.0320321162631082,-0.0320321162631082,-0.0320321162631082,-0.019325080089351673,-0.019325080089351673,-0.019325080089351673,0.0,0.0,0.0,28613.985028037583
2011-01-28,30167.424134918117,26800.841398310367,32280.526574859403,30167.424134918117,30167.424134918117,0.0,0.0,0.0,0.0,0.0,0.0,0.0,0.0,0.0,0.0,0.0,0.0,0.0,0.0,0.0,0.0,0.0,0.0,0.0,0.0,0.0,0.0,0.0,0.0,0.0,0.0,0.0,0.0,0.0,0.0,0.0,0.0,0.0,0.0,0.0,0.0,0.0,0.0,0.0,0.0,0.0,0.0,0.0,0.0,0.0,-0.023238877717608398,-0.023238877717608398,-0.023238877717608398,-0.0320321162631082,-0.0320321162631082,-0.0320321162631082,0.008793238545499802,0.008793238545499802,0.008793238545499802,0.0,0.0,0.0,29466.36705439153
2011-02-04,30171.77222264908,27382.615228421106,32497.57773711697,30171.77222264908,30171.77222264908,0.0,0.0,0.0,0.0,0.0,0.0,0.0,0.0,0.0,0.0,0.0,0.0,0.0,0.0,0.0,0.0,0.0,0.0,0.0,0.0,0.0,0.0,0.0,0.0,0.0,0.0,0.0,0.0,0.0,0.0,0.0,0.0,0.0,0.0,0.0,0.0,0.0,0.0,0.0,0.0,0.0,0.0,0.0,0.0,0.0,-0.005691011372825834,-0.005691011372825834,-0.005691011372825834,-0.0320321162631082,-0.0320321162631082,-0.0320321162631082,0.026341104890282366,0.026341104890282366,0.026341104890282366,0.0,0.0,0.0,30000.064323791674
2011-02-11,30176.120310380047,27100.464252690843,32198.40746906025,30176.120310380047,30176.120310380047,0.0,0.0,0.0,0.0,0.0,0.0,0.0,0.0,0.0,0.0,0.0,0.0,0.0,0.0,0.0,0.0,0.0,0.0,0.0,0.0,0.0,0.0,0.0,0.0,0.0,0.0,0.0,0.0,0.0,0.0,0.0,0.0,0.0,0.0,0.0,0.0,0.0,0.0,0.0,0.0,0.0,0.0,0.0,0.0,0.0,-0.013189993308142217,-0.013189993308142217,-0.013189993308142217,-0.0320321162631082,-0.0320321162631082,-0.0320321162631082,0.018842122954965984,0.018842122954965984,0.018842122954965984,0.0,0.0,0.0,29778.09748542044
2011-02-18,30180.468398111007,26547.97038700447,31838.832844978002,30180.468398111007,30180.468398111007,0.0,0.0,0.0,0.0,0.0,0.0,0.0,0.0,0.0,0.0,0.0,0.0,0.0,0.0,0.0,0.0,0.0,0.0,0.0,0.0,0.0,0.0,0.0,0.0,0.0,0.0,0.0,0.0,0.0,0.0,0.0,0.0,0.0,0.0,0.0,0.0,0.0,0.0,0.0,0.0,0.0,0.0,0.0,0.0,0.0,-0.034533621867653824,-0.034533621867653824,-0.034533621867653824,-0.0320321162631082,-0.0320321162631082,-0.0320321162631082,-0.0025015056045456265,-0.0025015056045456265,-0.0025015056045456265,0.0,0.0,0.0,29138.227514661965
2011-02-25,30184.8173758313,26191.21516452721,31536.786976168878,30184.8173758313,30184.8173758313,0.0,0.0,0.0,0.0,0.0,0.0,0.0,0.0,0.0,0.0,0.0,0.0,0.0,0.0,0.0,0.0,0.0,0.0,0.0,0.0,0.0,0.0,0.0,0.0,0.0,0.0,0.0,0.0,0.0,0.0,0.0,0.0,0.0,0.0,0.0,0.0,0.0,0.0,0.0,0.0,0.0,0.0,0.0,0.0,0.0,-0.04550107126247231,-0.04550107126247231,-0.04550107126247231,-0.0320321162631082,-0.0320321162631082,-0.0320321162631082,-0.013468954999364104,-0.013468954999364104,-0.013468954999364104,0.0,0.0,0.0,28811.375849368887
2011-03-04,30189.16635355159,26362.933301399004,31851.46886003353,30189.16635355159,30189.16635355159,0.0,0.0,0.0,0.0,0.0,0.0,0.0,0.0,0.0,0.0,0.0,0.0,0.0,0.0,0.0,0.0,0.0,0.0,0.0,0.0,0.0,0.0,0.0,0.0,0.0,0.0,0.0,0.0,0.0,0.0,0.0,0.0,0.0,0.0,0.0,0.0,0.0,0.0,0.0,0.0,0.0,0.0,0.0,0.0,0.0,-0.0339173264264318,-0.0339173264264318,-0.0339173264264318,-0.0320321162631082,-0.0320321162631082,-0.0320321162631082,-0.0018852101633235968,-0.0018852101633235968,-0.0018852101633235968,0.0,0.0,0.0,29165.23054379633
2011-03-11,30193.515331271887,27347.049675048103,32502.6106938258,30193.515331271887,30193.515331271887,0.0,0.0,0.0,0.0,0.0,0.0,0.0,0.0,0.0,0.0,0.0,0.0,0.0,0.0,0.0,0.0,0.0,0.0,0.0,0.0,0.0,0.0,0.0,0.0,0.0,0.0,0.0,0.0,0.0,0.0,0.0,0.0,0.0,0.0,0.0,0.0,0.0,0.0,0.0,0.0,0.0,0.0,0.0,0.0,0.0,-0.009351286350106656,-0.009351286350106656,-0.009351286350106656,-0.0320321162631082,-0.0320321162631082,-0.0320321162631082,0.02268082991300155,0.02268082991300155,0.02268082991300155,0.0,0.0,0.0,29911.16712349283
2011-03-18,30197.864308992175,27895.326601080727,33181.50238247985,30197.864308992175,30197.864308992175,0.0,0.0,0.0,0.0,0.0,0.0,0.0,0.0,0.0,0.0,0.0,0.0,0.0,0.0,0.0,0.0,0.0,0.0,0.0,0.0,0.0,0.0,0.0,0.0,0.0,0.0,0.0,0.0,0.0,0.0,0.0,0.0,0.0,0.0,0.0,0.0,0.0,0.0,0.0,0.0,0.0,0.0,0.0,0.0,0.0,0.009972961071889745,0.009972961071889745,0.009972961071889745,-0.0320321162631082,-0.0320321162631082,-0.0320321162631082,0.04200507733499795,0.04200507733499795,0.04200507733499795,0.0,0.0,0.0,30499.02643419996
2011-03-25,30202.21724980409,28002.723926804232,33442.06547170167,30202.21724980409,30202.21724980409,0.0,0.0,0.0,0.0,0.0,0.0,0.0,0.0,0.0,0.0,0.0,0.0,0.0,0.0,0.0,0.0,0.0,0.0,0.0,0.0,0.0,0.0,0.0,0.0,0.0,0.0,0.0,0.0,0.0,0.0,0.0,0.0,0.0,0.0,0.0,0.0,0.0,0.0,0.0,0.0,0.0,0.0,0.0,0.0,0.0,0.01502175282282631,0.01502175282282631,0.01502175282282631,-0.0320321162631082,-0.0320321162631082,-0.0320321162631082,0.047053869085934515,0.047053869085934515,0.047053869085934515,0.0,0.0,0.0,30655.907492031944
2011-04-01,30206.570190616007,27904.579217384984,33061.08317274272,30206.570190616007,30206.570190616007,0.0,0.0,0.0,0.0,0.0,0.0,0.0,0.0,0.0,0.0,0.0,0.0,0.0,0.0,0.0,0.0,0.0,0.0,0.0,0.0,0.0,0.0,0.0,0.0,0.0,0.0,0.0,0.0,0.0,0.0,0.0,0.0,0.0,0.0,0.0,0.0,0.0,0.0,0.0,0.0,0.0,0.0,0.0,0.0,0.0,0.00951175078150769,0.00951175078150769,0.00951175078150769,-0.0320321162631082,-0.0320321162631082,-0.0320321162631082,0.04154386704461589,0.04154386704461589,0.04154386704461589,0.0,0.0,0.0,30493.887558233266
2011-04-08,30210.92313142792,27748.571919545542,32846.319307210375,30210.92313142792,30210.92313142792,0.0,0.0,0.0,0.0,0.0,0.0,0.0,0.0,0.0,0.0,0.0,0.0,0.0,0.0,0.0,0.0,0.0,0.0,0.0,0.0,0.0,0.0,0.0,0.0,0.0,0.0,0.0,0.0,0.0,0.0,0.0,0.0,0.0,0.0,0.0,0.0,0.0,0.0,0.0,0.0,0.0,0.0,0.0,0.0,0.0,0.0004596636221944946,0.0004596636221944946,0.0004596636221944946,-0.0320321162631082,-0.0320321162631082,-0.0320321162631082,0.0324917798853027,0.0324917798853027,0.0324917798853027,0.0,0.0,0.0,30224.809993784354
2011-04-15,30215.73299316136,27213.02943715137,32618.926876241487,30215.73299316136,30215.73299316136,0.0,0.0,0.0,0.0,0.0,0.0,0.0,0.0,0.0,0.0,0.0,0.0,0.0,0.0,0.0,0.0,0.0,0.0,0.0,0.0,0.0,0.0,0.0,0.0,0.0,0.0,0.0,0.0,0.0,0.0,0.0,0.0,0.0,0.0,0.0,0.0,0.0,0.0,0.0,0.0,0.0,0.0,0.0,0.0,0.0,-0.009076696722943641,-0.009076696722943641,-0.009076696722943641,-0.0320321162631082,-0.0320321162631082,-0.0320321162631082,0.022955419540164564,0.022955419540164564,0.022955419540164564,0.0,0.0,0.0,29941.473948520994
2011-04-22,30220.5428548948,27046.520245366377,32166.93293235849,30220.5428548948,30220.5428548948,0.0,0.0,0.0,0.0,0.0,0.0,0.0,0.0,0.0,0.0,0.0,0.0,0.0,0.0,0.0,0.0,0.0,0.0,0.0,0.0,0.0,0.0,0.0,0.0,0.0,0.0,0.0,0.0,0.0,0.0,0.0,0.0,0.0,0.0,0.0,0.0,0.0,0.0,0.0,0.0,0.0,0.0,0.0,0.0,0.0,-0.017676308741526595,-0.017676308741526595,-0.017676308741526595,-0.0320321162631082,-0.0320321162631082,-0.0320321162631082,0.01435580752158161,0.01435580752158161,0.01435580752158161,0.0,0.0,0.0,29686.355209055146
2011-04-29,30225.35271662824,26770.081365866856,32231.586118340834,30225.35271662824,30225.35271662824,0.0,0.0,0.0,0.0,0.0,0.0,0.0,0.0,0.0,0.0,0.0,0.0,0.0,0.0,0.0,0.0,0.0,0.0,0.0,0.0,0.0,0.0,0.0,0.0,0.0,0.0,0.0,0.0,0.0,0.0,0.0,0.0,0.0,0.0,0.0,0.0,0.0,0.0,0.0,0.0,0.0,0.0,0.0,0.0,0.0,-0.021528476933679125,-0.021528476933679125,-0.021528476933679125,-0.0320321162631082,-0.0320321162631082,-0.0320321162631082,0.010503639329429076,0.010503639329429076,0.010503639329429076,0.0,0.0,0.0,29574.646907855993
2011-05-06,30230.162578361676,27155.876243718572,32209.325070092327,30230.162578361676,30230.162578361676,0.0,0.0,0.0,0.0,0.0,0.0,0.0,0.0,0.0,0.0,0.0,0.0,0.0,0.0,0.0,0.0,0.0,0.0,0.0,0.0,0.0,0.0,0.0,0.0,0.0,0.0,0.0,0.0,0.0,0.0,0.0,0.0,0.0,0.0,0.0,0.0,0.0,0.0,0.0,0.0,0.0,0.0,0.0,0.0,0.0,-0.017557737222268867,-0.017557737222268867,-0.017557737222268867,-0.0320321162631082,-0.0320321162631082,-0.0320321162631082,0.014474379040839333,0.014474379040839333,0.014474379040839333,0.0,0.0,0.0,29699.389327624336
2011-05-13,30235.27376306334,27183.076040135376,32507.809021786135,30235.27376306334,30235.27376306334,0.0,0.0,0.0,0.0,0.0,0.0,0.0,0.0,0.0,0.0,0.0,0.0,0.0,0.0,0.0,0.0,0.0,0.0,0.0,0.0,0.0,0.0,0.0,0.0,0.0,0.0,0.0,0.0,0.0,0.0,0.0,0.0,0.0,0.0,0.0,0.0,0.0,0.0,0.0,0.0,0.0,0.0,0.0,0.0,0.0,-0.009582432021358368,-0.009582432021358368,-0.009582432021358368,-0.0320321162631082,-0.0320321162631082,-0.0320321162631082,0.022449684241749833,0.022449684241749833,0.022449684241749833,0.0,0.0,0.0,29945.546307581626
2011-05-20,30240.384947765007,27437.546768671124,32606.549115096943,30240.384947765007,30240.384947765007,0.0,0.0,0.0,0.0,0.0,0.0,0.0,0.0,0.0,0.0,0.0,0.0,0.0,0.0,0.0,0.0,0.0,0.0,0.0,0.0,0.0,0.0,0.0,0.0,0.0,0.0,0.0,0.0,0.0,0.0,0.0,0.0,0.0,0.0,0.0,0.0,0.0,0.0,0.0,0.0,0.0,0.0,0.0,0.0,0.0,-0.006606622418858342,-0.006606622418858342,-0.006606622418858342,-0.0320321162631082,-0.0320321162631082,-0.0320321162631082,0.025425493844249858,0.025425493844249858,0.025425493844249858,0.0,0.0,0.0,30040.598142614195
2011-05-27,30245.496132466676,27178.56385872266,32690.803861657427,30245.496132466676,30245.496132466676,0.0,0.0,0.0,0.0,0.0,0.0,0.0,0.0,0.0,0.0,0.0,0.0,0.0,0.0,0.0,0.0,0.0,0.0,0.0,0.0,0.0,0.0,0.0,0.0,0.0,0.0,0.0,0.0,0.0,0.0,0.0,0.0,0.0,0.0,0.0,0.0,0.0,0.0,0.0,0.0,0.0,0.0,0.0,0.0,0.0,-0.012595637244455995,-0.012595637244455995,-0.012595637244455995,-0.0320321162631082,-0.0320321162631082,-0.0320321162631082,0.019436479018652204,0.019436479018652204,0.019436479018652204,0.0,0.0,0.0,29864.53483490353
2011-06-03,30251.892803647337,27016.79251194408,32261.8881482782,30251.892803647337,30251.892803647337,0.0,0.0,0.0,0.0,0.0,0.0,0.0,0.0,0.0,0.0,0.0,0.0,0.0,0.0,0.0,0.0,0.0,0.0,0.0,0.0,0.0,0.0,0.0,0.0,0.0,0.0,0.0,0.0,0.0,0.0,0.0,0.0,0.0,0.0,0.0,0.0,0.0,0.0,0.0,0.0,0.0,0.0,0.0,0.0,0.0,-0.020421605984399887,-0.020421605984399887,-0.020421605984399887,-0.0320321162631082,-0.0320321162631082,-0.0320321162631082,0.011610510278708313,0.011610510278708313,0.011610510278708313,0.0,0.0,0.0,29634.10056852895
2011-06-10,30258.289474827998,26823.976151237992,32376.477203348008,30258.289474827998,30258.289474827998,0.0,0.0,0.0,0.0,0.0,0.0,0.0,0.0,0.0,0.0,0.0,0.0,0.0,0.0,0.0,0.0,0.0,0.0,0.0,0.0,0.0,0.0,0.0,0.0,0.0,0.0,0.0,0.0,0.0,0.0,0.0,0.0,0.0,0.0,0.0,0.0,0.0,0.0,0.0,0.0,0.0,0.0,0.0,0.0,0.0,-0.019490503359314057,-0.019490503359314057,-0.019490503359314057,-0.0320321162631082,-0.0320321162631082,-0.0320321162631082,0.01254161290379414,0.01254161290379414,0.01254161290379414,0.0,0.0,0.0,29668.540182171768
2011-06-17,30264.686146008662,27121.95426920797,32627.246941476507,30264.686146008662,30264.686146008662,0.0,0.0,0.0,0.0,0.0,0.0,0.0,0.0,0.0,0.0,0.0,0.0,0.0,0.0,0.0,0.0,0.0,0.0,0.0,0.0,0.0,0.0,0.0,0.0,0.0,0.0,0.0,0.0,0.0,0.0,0.0,0.0,0.0,0.0,0.0,0.0,0.0,0.0,0.0,0.0,0.0,0.0,0.0,0.0,0.0,-0.009226566780523405,-0.009226566780523405,-0.009226566780523405,-0.0320321162631082,-0.0320321162631082,-0.0320321162631082,0.022805549482584796,0.022805549482584796,0.022805549482584796,0.0,0.0,0.0,29985.44699819093
2011-06-24,30271.08281718932,27555.152288930643,32814.42666825301,30271.08281718932,30271.08281718932,0.0,0.0,0.0,0.0,0.0,0.0,0.0,0.0,0.0,0.0,0.0,0.0,0.0,0.0,0.0,0.0,0.0,0.0,0.0,0.0,0.0,0.0,0.0,0.0,0.0,0.0,0.0,0.0,0.0,0.0,0.0,0.0,0.0,0.0,0.0,0.0,0.0,0.0,0.0,0.0,0.0,0.0,0.0,0.0,0.0,-0.0016126477113901153,-0.0016126477113901153,-0.0016126477113901153,-0.0320321162631082,-0.0320321162631082,-0.0320321162631082,0.030419468551718086,0.030419468551718086,0.030419468551718086,0.0,0.0,0.0,30222.266224762876
2011-07-01,30282.460360054036,27233.002190991898,32743.409148665152,30282.460360054036,30282.460360054036,0.0,0.0,0.0,0.0,0.0,0.0,0.0,0.0,0.0,0.0,0.0,0.0,0.0,0.0,0.0,0.0,0.0,0.0,0.0,0.0,0.0,0.0,0.0,0.0,0.0,0.0,0.0,0.0,0.0,0.0,0.0,0.0,0.0,0.0,0.0,0.0,0.0,0.0,0.0,0.0,0.0,0.0,0.0,0.0,0.0,-0.008383994961325095,-0.008383994961325095,-0.008383994961325095,-0.0320321162631082,-0.0320321162631082,-0.0320321162631082,0.023648121301783107,0.023648121301783107,0.023648121301783107,0.0,0.0,0.0,30028.572364978816
2011-07-08,30293.83790291875,26903.671712764688,32127.739865921983,30293.83790291875,30293.83790291875,0.0,0.0,0.0,0.0,0.0,0.0,0.0,0.0,0.0,0.0,0.0,0.0,0.0,0.0,0.0,0.0,0.0,0.0,0.0,0.0,0.0,0.0,0.0,0.0,0.0,0.0,0.0,0.0,0.0,0.0,0.0,0.0,0.0,0.0,0.0,0.0,0.0,0.0,0.0,0.0,0.0,0.0,0.0,0.0,0.0,-0.027513252217868118,-0.027513252217868118,-0.027513252217868118,-0.0320321162631082,-0.0320321162631082,-0.0320321162631082,0.004518864045240083,0.004518864045240083,0.004518864045240083,0.0,0.0,0.0,29460.355900048533
2011-07-15,30305.215445783466,26393.631473617457,31749.17575997884,30305.215445783466,30305.215445783466,0.0,0.0,0.0,0.0,0.0,0.0,0.0,0.0,0.0,0.0,0.0,0.0,0.0,0.0,0.0,0.0,0.0,0.0,0.0,0.0,0.0,0.0,0.0,0.0,0.0,0.0,0.0,0.0,0.0,0.0,0.0,0.0,0.0,0.0,0.0,0.0,0.0,0.0,0.0,0.0,0.0,0.0,0.0,0.0,0.0,-0.045020468791581815,-0.045020468791581815,-0.045020468791581815,-0.0320321162631082,-0.0320321162631082,-0.0320321162631082,-0.012988352528473612,-0.012988352528473612,-0.012988352528473612,0.0,0.0,0.0,28940.86043958441
2011-07-22,30316.59298864818,26226.373840182077,31499.10274570615,30316.59298864818,30316.59298864818,0.0,0.0,0.0,0.0,0.0,0.0,0.0,0.0,0.0,0.0,0.0,0.0,0.0,0.0,0.0,0.0,0.0,0.0,0.0,0.0,0.0,0.0,0.0,0.0,0.0,0.0,0.0,0.0,0.0,0.0,0.0,0.0,0.0,0.0,0.0,0.0,0.0,0.0,0.0,0.0,0.0,0.0,0.0,0.0,0.0,-0.04964546011702131,-0.04964546011702131,-0.04964546011702131,-0.0320321162631082,-0.0320321162631082,-0.0320321162631082,-0.017613343853913103,-0.017613343853913103,-0.017613343853913103,0.0,0.0,0.0,28811.51178054628
2011-07-29,30334.264492508675,26342.956594122745,31678.293537912614,30334.264492508675,30334.264492508675,0.0,0.0,0.0,0.0,0.0,0.0,0.0,0.0,0.0,0.0,0.0,0.0,0.0,0.0,0.0,0.0,0.0,0.0,0.0,0.0,0.0,0.0,0.0,0.0,0.0,0.0,0.0,0.0,0.0,0.0,0.0,0.0,0.0,0.0,0.0,0.0,0.0,0.0,0.0,0.0,0.0,0.0,0.0,0.0,0.0,-0.04279357352941543,-0.04279357352941543,-0.04279357352941543,-0.0320321162631082,-0.0320321162631082,-0.0320321162631082,-0.010761457266307221,-0.010761457266307221,-0.010761457266307221,0.0,0.0,0.0,29036.15291448777
2011-08-05,30351.935996369168,26725.329937349885,31951.22557545059,30351.935996369168,30351.935996369168,0.0,0.0,0.0,0.0,0.0,0.0,0.0,0.0,0.0,0.0,0.0,0.0,0.0,0.0,0.0,0.0,0.0,0.0,0.0,0.0,0.0,0.0,0.0,0.0,0.0,0.0,0.0,0.0,0.0,0.0,0.0,0.0,0.0,0.0,0.0,0.0,0.0,0.0,0.0,0.0,0.0,0.0,0.0,0.0,0.0,-0.03332177369897558,-0.03332177369897558,-0.03332177369897558,-0.0320321162631082,-0.0320321162631082,-0.0320321162631082,-0.0012896574358673752,-0.0012896574358673752,-0.0012896574358673752,0.0,0.0,0.0,29340.555653772364
2011-08-12,30369.607500229667,26848.02698844372,32135.65304500585,30369.607500229667,30369.607500229667,0.0,0.0,0.0,0.0,0.0,0.0,0.0,0.0,0.0,0.0,0.0,0.0,0.0,0.0,0.0,0.0,0.0,0.0,0.0,0.0,0.0,0.0,0.0,0.0,0.0,0.0,0.0,0.0,0.0,0.0,0.0,0.0,0.0,0.0,0.0,0.0,0.0,0.0,0.0,0.0,0.0,0.0,0.0,0.0,0.0,-0.02623693035562882,-0.02623693035562882,-0.02623693035562882,-0.0320321162631082,-0.0320321162631082,-0.0320321162631082,0.005795185907479385,0.005795185907479385,0.005795185907479385,0.0,0.0,0.0,29572.80222331836
2011-08-19,30392.219203602875,27232.565296108714,32309.310823841253,30392.219203602875,30392.219203602875,0.0,0.0,0.0,0.0,0.0,0.0,0.0,0.0,0.0,0.0,0.0,0.0,0.0,0.0,0.0,0.0,0.0,0.0,0.0,0.0,0.0,0.0,0.0,0.0,0.0,0.0,0.0,0.0,0.0,0.0,0.0,0.0,0.0,0.0,0.0,0.0,0.0,0.0,0.0,0.0,0.0,0.0,0.0,0.0,0.0,-0.020597123368922506,-0.020597123368922506,-0.020597123368922506,-0.0320321162631082,-0.0320321162631082,-0.0320321162631082,0.0114349928941857,0.0114349928941857,0.0114349928941857,0.0,0.0,0.0,29766.226915210933
2011-08-26,30414.830906976076,27374.17364355297,32350.159503941326,30414.830906976076,30414.830906976076,0.0,0.0,0.0,0.0,0.0,0.0,0.0,0.0,0.0,0.0,0.0,0.0,0.0,0.0,0.0,0.0,0.0,0.0,0.0,0.0,0.0,0.0,0.0,0.0,0.0,0.0,0.0,0.0,0.0,0.0,0.0,0.0,0.0,0.0,0.0,0.0,0.0,0.0,0.0,0.0,0.0,0.0,0.0,0.0,0.0,-0.017341851030451882,-0.017341851030451882,-0.017341851030451882,-0.0320321162631082,-0.0320321162631082,-0.0320321162631082,0.014690265232656317,0.014690265232656317,0.014690265232656317,0.0,0.0,0.0,29887.38144027091
2011-09-02,30437.44261034928,26993.178538634365,32259.596239474235,30437.44261034928,30437.44261034928,0.0,0.0,0.0,0.0,0.0,0.0,0.0,0.0,0.0,0.0,0.0,0.0,0.0,0.0,0.0,0.0,0.0,0.0,0.0,0.0,0.0,0.0,0.0,0.0,0.0,0.0,0.0,0.0,0.0,0.0,0.0,0.0,0.0,0.0,0.0,0.0,0.0,0.0,0.0,0.0,0.0,0.0,0.0,0.0,0.0,-0.02298465560638171,-0.02298465560638171,-0.02298465560638171,-0.0320321162631082,-0.0320321162631082,-0.0320321162631082,0.009047460656726493,0.009047460656726493,0.009047460656726493,0.0,0.0,0.0,29737.848474411392
2011-09-09,30460.054313722485,26656.49764638304,31890.27594698118,30460.054313722485,30460.054313722485,0.0,0.0,0.0,0.0,0.0,0.0,0.0,0.0,0.0,0.0,0.0,0.0,0.0,0.0,0.0,0.0,0.0,0.0,0.0,0.0,0.0,0.0,0.0,0.0,0.0,0.0,0.0,0.0,0.0,0.0,0.0,0.0,0.0,0.0,0.0,0.0,0.0,0.0,0.0,0.0,0.0,0.0,0.0,0.0,0.0,-0.04105497700873177,-0.04105497700873177,-0.04105497700873177,-0.0320321162631082,-0.0320321162631082,-0.0320321162631082,-0.009022860745623567,-0.009022860745623567,-0.009022860745623567,0.0,0.0,0.0,29209.517484187887
2011-09-16,30485.851817248316,25929.119381850574,31363.011934380855,30485.851817248316,30485.851817248316,0.0,0.0,0.0,0.0,0.0,0.0,0.0,0.0,0.0,0.0,0.0,0.0,0.0,0.0,0.0,0.0,0.0,0.0,0.0,0.0,0.0,0.0,0.0,0.0,0.0,0.0,0.0,0.0,0.0,0.0,0.0,0.0,0.0,0.0,0.0,0.0,0.0,0.0,0.0,0.0,0.0,0.0,0.0,0.0,0.0,-0.06234089585392116,-0.06234089585392116,-0.06234089585392116,-0.0320321162631082,-0.0320321162631082,-0.0320321162631082,-0.03030877959081296,-0.03030877959081296,-0.03030877959081296,0.0,0.0,0.0,28585.336504091167
2011-09-23,30511.649320774144,25874.956787862833,31143.230322742595,30511.649320774144,30511.649320774144,0.0,0.0,0.0,0.0,0.0,0.0,0.0,0.0,0.0,0.0,0.0,0.0,0.0,0.0,0.0,0.0,0.0,0.0,0.0,0.0,0.0,0.0,0.0,0.0,0.0,0.0,0.0,0.0,0.0,0.0,0.0,0.0,0.0,0.0,0.0,0.0,0.0,0.0,0.0,0.0,0.0,0.0,0.0,0.0,0.0,-0.0702961871837606,-0.0702961871837606,-0.0702961871837606,-0.0320321162631082,-0.0320321162631082,-0.0320321162631082,-0.0382640709206524,-0.0382640709206524,-0.0382640709206524,0.0,0.0,0.0,28366.796708835744
2011-09-30,30537.44682429997,26022.52059654127,31502.76922787026,30537.44682429997,30537.44682429997,0.0,0.0,0.0,0.0,0.0,0.0,0.0,0.0,0.0,0.0,0.0,0.0,0.0,0.0,0.0,0.0,0.0,0.0,0.0,0.0,0.0,0.0,0.0,0.0,0.0,0.0,0.0,0.0,0.0,0.0,0.0,0.0,0.0,0.0,0.0,0.0,0.0,0.0,0.0,0.0,0.0,0.0,0.0,0.0,0.0,-0.05937754256719161,-0.05937754256719161,-0.05937754256719161,-0.0320321162631082,-0.0320321162631082,-0.0320321162631082,-0.02734542630408341,-0.02734542630408341,-0.02734542630408341,0.0,0.0,0.0,28724.208275596746
2011-10-07,30565.09842664957,26580.200158110834,31990.201329828407,30565.09842664957,30565.09842664957,0.0,0.0,0.0,0.0,0.0,0.0,0.0,0.0,0.0,0.0,0.0,0.0,0.0,0.0,0.0,0.0,0.0,0.0,0.0,0.0,0.0,0.0,0.0,0.0,0.0,0.0,0.0,0.0,0.0,0.0,0.0,0.0,0.0,0.0,0.0,0.0,0.0,0.0,0.0,0.0,0.0,0.0,0.0,0.0,0.0,-0.04441805877230544,-0.04441805877230544,-0.04441805877230544,-0.0320321162631082,-0.0320321162631082,-0.0320321162631082,-0.012385942509197239,-0.012385942509197239,-0.012385942509197239,0.0,0.0,0.0,29207.45608835335
2011-10-14,30592.750028999177,26495.965001496268,31833.55786142927,30592.750028999177,30592.750028999177,0.0,0.0,0.0,0.0,0.0,0.0,0.0,0.0,0.0,0.0,0.0,0.0,0.0,0.0,0.0,0.0,0.0,0.0,0.0,0.0,0.0,0.0,0.0,0.0,0.0,0.0,0.0,0.0,0.0,0.0,0.0,0.0,0.0,0.0,0.0,0.0,0.0,0.0,0.0,0.0,0.0,0.0,0.0,0.0,0.0,-0.046145706300724953,-0.046145706300724953,-0.046145706300724953,-0.0320321162631082,-0.0320321162631082,-0.0320321162631082,-0.014113590037616756,-0.014113590037616756,-0.014113590037616756,0.0,0.0,0.0,29181.025971229486
2011-10-21,30620.40163134878,25865.563448830853,31286.155385247104,30620.40163134878,30620.40163134878,0.0,0.0,0.0,0.0,0.0,0.0,0.0,0.0,0.0,0.0,0.0,0.0,0.0,0.0,0.0,0.0,0.0,0.0,0.0,0.0,0.0,0.0,0.0,0.0,0.0,0.0,0.0,0.0,0.0,0.0,0.0,0.0,0.0,0.0,0.0,0.0,0.0,0.0,0.0,0.0,0.0,0.0,0.0,0.0,0.0,-0.06665026490039795,-0.06665026490039795,-0.06665026490039795,-0.0320321162631082,-0.0320321162631082,-0.0320321162631082,-0.03461814863728975,-0.03461814863728975,-0.03461814863728975,0.0,0.0,0.0,28579.54375126281
2011-10-28,30648.05323369838,25510.37337627605,30781.87089844251,30648.05323369838,30648.05323369838,0.0,0.0,0.0,0.0,0.0,0.0,0.0,0.0,0.0,0.0,0.0,0.0,0.0,0.0,0.0,0.0,0.0,0.0,0.0,0.0,0.0,0.0,0.0,0.0,0.0,0.0,0.0,0.0,0.0,0.0,0.0,0.0,0.0,0.0,0.0,0.0,0.0,0.0,0.0,0.0,0.0,0.0,0.0,0.0,0.0,-0.08400704509441814,-0.08400704509441814,-0.08400704509441814,-0.0320321162631082,-0.0320321162631082,-0.0320321162631082,-0.05197492883130994,-0.05197492883130994,-0.05197492883130994,0.0,0.0,0.0,28073.400843638952
2011-11-04,30675.795378563813,25743.457398499802,30996.266001976936,30675.795378563813,30675.795378563813,0.0,0.0,0.0,0.0,0.0,0.0,0.0,0.0,0.0,0.0,0.0,0.0,0.0,0.0,0.0,0.0,0.0,0.0,0.0,0.0,0.0,0.0,0.0,0.0,0.0,0.0,0.0,0.0,0.0,0.0,0.0,0.0,0.0,0.0,0.0,0.0,0.0,0.0,0.0,0.0,0.0,0.0,0.0,0.0,0.0,-0.07538648135191119,-0.07538648135191119,-0.07538648135191119,-0.0320321162631082,-0.0320321162631082,-0.0320321162631082,-0.04335436508880298,-0.04335436508880298,-0.04335436508880298,0.0,0.0,0.0,28363.255102302668
2011-11-11,30703.537523429244,26959.896147113264,32329.168834520147,30703.537523429244,30703.537523429244,0.0,0.0,0.0,0.0,0.0,0.0,0.0,0.0,0.0,0.0,0.0,0.0,0.0,0.0,0.0,0.0,0.0,0.0,0.0,0.0,0.0,0.0,0.0,0.0,0.0,0.0,0.0,0.0,0.0,0.0,0.0,0.0,0.0,0.011482512,0.011482512,0.011482512,0.0,0.0,0.0,0.0,0.0,0.0,0.011482512,0.011482512,0.011482512,-0.032474281933339295,-0.032474281933339295,-0.032474281933339295,-0.0320321162631082,-0.0320321162631082,-0.0320321162631082,-0.011924677670231094,-0.011924677670231094,-0.011924677670231094,0.0,0.0,0.0,29706.46218954254
2011-11-18,30731.279668294672,27634.47019694338,32788.70958819402,30731.279668294672,30731.279668294672,0.0,0.0,0.0,0.0,0.0,0.0,0.0,0.0,0.0,0.0,0.0,0.0,0.0,0.0,0.0,0.0,0.0,0.0,0.0,0.0,0.0,0.0,0.0,0.0,0.0,0.0,0.0,0.0,0.0,0.0,0.0,0.0,0.0,0.0,0.0,0.0,0.0,0.0,0.0,0.0,0.0,0.0,0.0,0.0,0.0,-0.017950839442496046,-0.017950839442496046,-0.017950839442496046,-0.0320321162631082,-0.0320321162631082,-0.0320321162631082,0.014081276820612158,0.014081276820612158,0.014081276820612158,0.0,0.0,0.0,30179.62740110667
2011-11-25,30759.021813160103,27466.320960267138,32666.345466575967,30759.021813160103,30759.021813160103,0.0,0.0,0.0,0.0,0.0,0.0,0.0,0.0,0.0,0.0,0.0,0.0,0.0,0.0,0.0,0.0,0.0,0.0,0.0,0.0,0.0,0.0,0.0,0.0,0.0,0.0,0.0,0.0,0.0,0.0,0.0,0.0,0.0,0.0,0.0,0.0,0.0,0.0,0.0,0.0,0.0,0.0,0.0,0.0,0.0,-0.021173129905149034,-0.021173129905149034,-0.021173129905149034,-0.0320321162631082,-0.0320321162631082,-0.0320321162631082,0.01085898635795917,0.01085898635795917,0.01085898635795917,0.0,0.0,0.0,30107.75704855475
2011-12-02,30786.763958025535,26459.593570928155,32018.471293843424,30786.763958025535,30786.763958025535,0.0,0.0,0.0,0.0,0.0,0.0,0.0,0.0,0.0,0.0,0.0,0.0,0.0,0.0,0.0,0.0,0.0,0.0,0.0,0.0,0.0,0.0,0.0,0.0,0.0,0.0,0.0,0.0,0.0,0.0,0.0,0.0,0.0,0.0,0.0,0.0,0.0,0.0,0.0,0.0,0.0,0.0,0.0,0.0,0.0,-0.047725123728509136,-0.047725123728509136,-0.047725123728509136,-0.0320321162631082,-0.0320321162631082,-0.0320321162631082,-0.015693007465400928,-0.015693007465400928,-0.015693007465400928,0.0,0.0,0.0,29317.46183892836
2011-12-09,30814.506102890966,25929.49999011918,31511.43728445053,30814.506102890966,30814.506102890966,0.0,0.0,0.0,0.0,0.0,0.0,0.0,0.0,0.0,0.0,0.0,0.0,0.0,0.0,0.0,0.0,0.0,0.0,0.0,0.0,0.0,0.0,0.0,0.0,0.0,0.0,0.0,0.0,0.0,0.0,0.0,0.0,0.0,0.0,0.0,0.0,0.0,0.0,0.0,0.0,0.0,0.0,0.0,0.0,0.0,-0.06962986942491513,-0.06962986942491513,-0.06962986942491513,-0.0320321162631082,-0.0320321162631082,-0.0320321162631082,-0.03759775316180692,-0.03759775316180692,-0.03759775316180692,0.0,0.0,0.0,28668.896066553418
2011-12-16,30842.248247756394,26130.992054689403,31316.61743040351,30842.248247756394,30842.248247756394,0.0,0.0,0.0,0.0,0.0,0.0,0.0,0.0,0.0,0.0,0.0,0.0,0.0,0.0,0.0,0.0,0.0,0.0,0.0,0.0,0.0,0.0,0.0,0.0,0.0,0.0,0.0,0.0,0.0,0.0,0.0,0.0,0.0,0.0,0.0,0.0,0.0,0.0,0.0,0.0,0.0,0.0,0.0,0.0,0.0,-0.06818841313530481,-0.06818841313530481,-0.06818841313530481,-0.0320321162631082,-0.0320321162631082,-0.0320321162631082,-0.03615629687219661,-0.03615629687219661,-0.03615629687219661,0.0,0.0,0.0,28739.164282216752
2011-12-23,30869.99039262183,26489.191754171312,31956.503817390712,30869.99039262183,30869.99039262183,0.0,0.0,0.0,0.0,0.0,0.0,0.0,0.0,0.0,0.0,0.0,0.0,0.0,0.0,0.0,0.0,0.0,0.0,0.0,0.0,0.0,0.0,0.0,0.0,0.0,0.0,0.0,0.0,0.0,0.0,0.0,0.0,0.0,0.0,0.0,0.0,0.0,0.0,0.0,0.0,0.0,0.0,0.0,0.0,0.0,-0.05275629197393547,-0.05275629197393547,-0.05275629197393547,-0.0320321162631082,-0.0320321162631082,-0.0320321162631082,-0.020724175710827266,-0.020724175710827266,-0.020724175710827266,0.0,0.0,0.0,29241.404166236087
2011-12-30,30897.732537487256,26773.664895632784,32170.283636702097,30897.732537487256,30897.732537487256,0.0,0.0,0.0,0.0,0.0,0.0,0.0,0.0,0.0,0.0,0.0,0.0,0.0,0.0,0.0,0.0,0.0,0.0,0.0,0.0,0.0,0.0,0.0,0.0,0.0,0.0,0.0,0.0,0.0,0.0,0.0,0.0,0.0,0.0,0.0,0.0,0.0,0.0,0.0,0.0,0.0,0.0,0.0,0.0,0.0,-0.04624390451954473,-0.04624390451954473,-0.04624390451954473,-0.0320321162631082,-0.0320321162631082,-0.0320321162631082,-0.014211788256436524,-0.014211788256436524,-0.014211788256436524,0.0,0.0,0.0,29468.900744153263
2012-01-06,30925.474682352684,26582.435008825712,31763.941820052914,30925.474682352684,30925.474682352684,0.0,0.0,0.0,0.0,0.0,0.0,0.0,0.0,0.0,0.0,0.0,0.0,0.0,0.0,0.0,0.0,0.0,0.0,0.0,0.0,0.0,0.0,0.0,0.0,0.0,0.0,0.0,0.0,0.0,0.0,0.0,0.0,0.0,0.0,0.0,0.0,0.0,0.0,0.0,0.0,0.0,0.0,0.0,0.0,0.0,-0.05608316212396229,-0.05608316212396229,-0.05608316212396229,-0.0320321162631082,-0.0320321162631082,-0.0320321162631082,-0.02405104586085409,-0.02405104586085409,-0.02405104586085409,0.0,0.0,0.0,29191.07627198181
2012-01-13,30953.21682721812,26207.515092414997,31406.82180526784,30953.21682721812,30953.21682721812,0.0,0.0,0.0,0.0,0.0,0.0,0.0,0.0,0.0,0.0,0.0,0.0,0.0,0.0,0.0,0.0,0.0,0.0,0.0,0.0,0.0,0.0,0.0,0.0,0.0,0.0,0.0,0.0,0.0,0.0,0.0,0.0,0.0,0.0,0.0,0.0,0.0,0.0,0.0,0.0,0.0,0.0,0.0,0.0,0.0,-0.06563470491908348,-0.06563470491908348,-0.06563470491908348,-0.0320321162631082,-0.0320321162631082,-0.0320321162631082,-0.033602588655975284,-0.033602588655975284,-0.033602588655975284,0.0,0.0,0.0,28921.611574467246
2012-01-20,30980.958972083547,26523.5095017386,31799.661722676854,30980.958972083547,30980.958972083547,0.0,0.0,0.0,0.0,0.0,0.0,0.0,0.0,0.0,0.0,0.0,0.0,0.0,0.0,0.0,0.0,0.0,0.0,0.0,0.0,0.0,0.0,0.0,0.0,0.0,0.0,0.0,0.0,0.0,0.0,0.0,0.0,0.0,0.0,0.0,0.0,0.0,0.0,0.0,0.0,0.0,0.0,0.0,0.0,0.0,-0.05547829790433768,-0.05547829790433768,-0.05547829790433768,-0.0320321162631082,-0.0320321162631082,-0.0320321162631082,-0.023446181641229476,-0.023446181641229476,-0.023446181641229476,0.0,0.0,0.0,29262.188100868232
2012-01-27,31008.701116948978,27540.7604509947,32864.069925197735,31008.701116948978,31008.701116948978,0.0,0.0,0.0,0.0,0.0,0.0,0.0,0.0,0.0,0.0,0.0,0.0,0.0,0.0,0.0,0.0,0.0,0.0,0.0,0.0,0.0,0.0,0.0,0.0,0.0,0.0,0.0,0.0,0.0,0.0,0.0,0.0,0.0,0.0,0.0,0.0,0.0,0.0,0.0,0.0,0.0,0.0,0.0,0.0,0.0,-0.028223583973145547,-0.028223583973145547,-0.028223583973145547,-0.0320321162631082,-0.0320321162631082,-0.0320321162631082,0.003808532289962658,0.003808532289962658,0.003808532289962658,0.0,0.0,0.0,30133.524437076598
2012-02-03,31036.44326181441,28396.422193401304,33544.61392412534,31036.44326181441,31036.44326181441,0.0,0.0,0.0,0.0,0.0,0.0,0.0,0.0,0.0,0.0,0.0,0.0,0.0,0.0,0.0,0.0,0.0,0.0,0.0,0.0,0.0,0.0,0.0,0.0,0.0,0.0,0.0,0.0,0.0,0.0,0.0,0.0,0.0,0.0,0.0,0.0,0.0,0.0,0.0,0.0,0.0,0.0,0.0,0.0,0.0,-0.007082106462430656,-0.007082106462430656,-0.007082106462430656,-0.0320321162631082,-0.0320321162631082,-0.0320321162631082,0.024950009800677544,0.024950009800677544,0.024950009800677544,0.0,0.0,0.0,30816.63986641905
2012-02-10,31064.18540667984,28133.187145408294,33362.89765477833,31064.18540667984,31064.18540667984,0.0,0.0,0.0,0.0,0.0,0.0,0.0,0.0,0.0,0.0,0.0,0.0,0.0,0.0,0.0,0.0,0.0,0.0,0.0,0.0,0.0,0.0,0.0,0.0,0.0,0.0,0.0,0.0,0.0,0.0,0.0,0.0,0.0,0.0,0.0,0.0,0.0,0.0,0.0,0.0,0.0,0.0,0.0,0.0,0.0,-0.010199860652990335,-0.010199860652990335,-0.010199860652990335,-0.0320321162631082,-0.0320321162631082,-0.0320321162631082,0.021832255610117864,0.021832255610117864,0.021832255610117864,0.0,0.0,0.0,30747.33504423305
2012-02-17,31091.92755154527,27391.46634550209,32741.941838058006,31091.92755154527,31091.92755154527,0.0,0.0,0.0,0.0,0.0,0.0,0.0,0.0,0.0,0.0,0.0,0.0,0.0,0.0,0.0,0.0,0.0,0.0,0.0,0.0,0.0,0.0,0.0,0.0,0.0,0.0,0.0,0.0,0.0,0.0,0.0,0.0,0.0,0.0,0.0,0.0,0.0,0.0,0.0,0.0,0.0,0.0,0.0,0.0,0.0,-0.030812512291622608,-0.030812512291622608,-0.030812512291622608,-0.0320321162631082,-0.0320321162631082,-0.0320321162631082,0.0012196039714855913,0.0012196039714855913,0.0012196039714855913,0.0,0.0,0.0,30133.907151693038
2012-02-24,31119.669696410703,26971.204450531994,32414.338802826474,31119.669696410703,31119.669696410703,0.0,0.0,0.0,0.0,0.0,0.0,0.0,0.0,0.0,0.0,0.0,0.0,0.0,0.0,0.0,0.0,0.0,0.0,0.0,0.0,0.0,0.0,0.0,0.0,0.0,0.0,0.0,0.0,0.0,0.0,0.0,0.0,0.0,0.0,0.0,0.0,0.0,0.0,0.0,0.0,0.0,0.0,0.0,0.0,0.0,-0.045146446943094554,-0.045146446943094554,-0.045146446943094554,-0.0320321162631082,-0.0320321162631082,-0.0320321162631082,-0.013114330679986352,-0.013114330679986352,-0.013114330679986352,0.0,0.0,0.0,29714.72717957507
2012-03-02,31147.41184127613,27415.80664248111,32656.437193322694,31147.41184127613,31147.41184127613,0.0,0.0,0.0,0.0,0.0,0.0,0.0,0.0,0.0,0.0,0.0,0.0,0.0,0.0,0.0,0.0,0.0,0.0,0.0,0.0,0.0,0.0,0.0,0.0,0.0,0.0,0.0,0.0,0.0,0.0,0.0,0.0,0.0,0.0,0.0,0.0,0.0,0.0,0.0,0.0,0.0,0.0,0.0,0.0,0.0,-0.037446177441390116,-0.037446177441390116,-0.037446177441390116,-0.0320321162631082,-0.0320321162631082,-0.0320321162631082,-0.005414061178281915,-0.005414061178281915,-0.005414061178281915,0.0,0.0,0.0,29981.06033062765
2012-03-09,31175.15398614156,28073.07376434073,33223.75460856895,31175.15398614156,31175.15398614156,0.0,0.0,0.0,0.0,0.0,0.0,0.0,0.0,0.0,0.0,0.0,0.0,0.0,0.0,0.0,0.0,0.0,0.0,0.0,0.0,0.0,0.0,0.0,0.0,0.0,0.0,0.0,0.0,0.0,0.0,0.0,0.0,0.0,0.0,0.0,0.0,0.0,0.0,0.0,0.0,0.0,0.0,0.0,0.0,0.0,-0.013835808308150526,-0.013835808308150526,-0.013835808308150526,-0.0320321162631082,-0.0320321162631082,-0.0320321162631082,0.018196307954957674,0.018196307954957674,0.018196307954957674,0.0,0.0,0.0,30743.82053161223
2012-03-16,31202.896131006994,28862.78354847115,34184.62281334041,31202.896131006994,31202.896131006994,0.0,0.0,0.0,0.0,0.0,0.0,0.0,0.0,0.0,0.0,0.0,0.0,0.0,0.0,0.0,0.0,0.0,0.0,0.0,0.0,0.0,0.0,0.0,0.0,0.0,0.0,0.0,0.0,0.0,0.0,0.0,0.0,0.0,0.0,0.0,0.0,0.0,0.0,0.0,0.0,0.0,0.0,0.0,0.0,0.0,0.00750610838076822,0.00750610838076822,0.00750610838076822,-0.0320321162631082,-0.0320321162631082,-0.0320321162631082,0.03953822464387642,0.03953822464387642,0.03953822464387642,0.0,0.0,0.0,31437.108451160184
2012-03-23,31230.63827587242,29118.343473713165,34403.58816802478,31230.63827587242,31230.63827587242,0.0,0.0,0.0,0.0,0.0,0.0,0.0,0.0,0.0,0.0,0.0,0.0,0.0,0.0,0.0,0.0,0.0,0.0,0.0,0.0,0.0,0.0,0.0,0.0,0.0,0.0,0.0,0.0,0.0,0.0,0.0,0.0,0.0,0.0,0.0,0.0,0.0,0.0,0.0,0.0,0.0,0.0,0.0,0.0,0.0,0.015112760806542818,0.015112760806542818,0.015112760806542818,-0.0320321162631082,-0.0320321162631082,-0.0320321162631082,0.04714487706965102,0.04714487706965102,0.04714487706965102,0.0,0.0,0.0,31702.619441971343
2012-03-30,31258.380420737853,28847.885937762723,34206.85380126852,31258.380420737853,31258.380420737853,0.0,0.0,0.0,0.0,0.0,0.0,0.0,0.0,0.0,0.0,0.0,0.0,0.0,0.0,0.0,0.0,0.0,0.0,0.0,0.0,0.0,0.0,0.0,0.0,0.0,0.0,0.0,0.0,0.0,0.0,0.0,0.0,0.0,0.0,0.0,0.0,0.0,0.0,0.0,0.0,0.0,0.0,0.0,0.0,0.0,0.010920055554230477,0.010920055554230477,0.010920055554230477,-0.0320321162631082,-0.0320321162631082,-0.0320321162631082,0.04295217181733868,0.04295217181733868,0.04295217181733868,0.0,0.0,0.0,31599.72367146758
2012-04-06,31286.122565603284,28669.569307192687,33929.46602766287,31286.122565603284,31286.122565603284,0.0,0.0,0.0,0.0,0.0,0.0,0.0,0.0,0.0,0.0,0.0,0.0,0.0,0.0,0.0,0.0,0.0,0.0,0.0,0.0,0.0,0.0,0.0,0.0,0.0,0.0,0.0,0.0,0.0,0.0,0.0,0.0,0.0,0.0,0.0,0.0,0.0,0.0,0.0,0.0,0.0,0.0,0.0,0.0,0.0,0.0021444914821360204,0.0021444914821360204,0.0021444914821360204,-0.0320321162631082,-0.0320321162631082,-0.0320321162631082,0.034176607745244225,0.034176607745244225,0.034176607745244225,0.0,0.0,0.0,31353.215388954282
2012-04-08,31294.048892707695,30056.76087414912,35309.9788988075,31293.417854737447,31294.854859899446,0.0,0.0,0.0,0.0,0.0,0.0,0.0,0.0,0.0,0.0,0.0,0.0,0.0,0.0,0.0,0.0,0.0,0.0,0.0,0.0,0.0,0.0,0.0,0.0,0.0,0.0,0.0,0.0,0.0,0.0,0.0,0.0,0.0,0.0,0.0,0.0,0.0,0.0,0.0,0.0,0.0,0.0,0.0,0.0,0.0,0.03681424632826966,0.03681424632826966,0.03681424632826966,0.005338685960677294,0.005338685960677294,0.005338685960677294,0.03147556036759237,0.03147556036759237,0.03147556036759237,0.0,0.0,0.0,32446.115717252753
2012-04-15,31321.791037573123,29466.823586028793,34919.5553132481,31319.778622123835,31324.2270682631,0.0,0.0,0.0,0.0,0.0,0.0,0.0,0.0,0.0,0.0,0.0,0.0,0.0,0.0,0.0,0.0,0.0,0.0,0.0,0.0,0.0,0.0,0.0,0.0,0.0,0.0,0.0,0.0,0.0,0.0,0.0,0.0,0.0,0.0,0.0,0.0,0.0,0.0,0.0,0.0,0.0,0.0,0.0,0.0,0.0,0.02728427801158272,0.02728427801158272,0.02728427801158272,0.005338685960631139,0.005338685960631139,0.005338685960631139,0.021945592050951583,0.021945592050951583,0.021945592050951583,0.0,0.0,0.0,32176.383492062967
2012-04-22,31349.53318243855,29205.46000408284,34602.86682366319,31345.228460973758,31354.33101933016,0.0,0.0,0.0,0.0,0.0,0.0,0.0,0.0,0.0,0.0,0.0,0.0,0.0,0.0,0.0,0.0,0.0,0.0,0.0,0.0,0.0,0.0,0.0,0.0,0.0,0.0,0.0,0.0,0.0,0.0,0.0,0.0,0.0,0.0,0.0,0.0,0.0,0.0,0.0,0.0,0.0,0.0,0.0,0.0,0.0,0.018969067732183723,0.018969067732183723,0.018969067732183723,0.005338685960704378,0.005338685960704378,0.005338685960704378,0.013630381771479344,0.013630381771479344,0.013630381771479344,0.0,0.0,0.0,31944.204600748566
2012-04-29,31377.27532730398,29277.38601033239,34533.70086491953,31371.073418045868,31384.503097205547,0.0,0.0,0.0,0.0,0.0,0.0,0.0,0.0,0.0,0.0,0.0,0.0,0.0,0.0,0.0,0.0,0.0,0.0,0.0,0.0,0.0,0.0,0.0,0.0,0.0,0.0,0.0,0.0,0.0,0.0,0.0,0.0,0.0,0.0,0.0,0.0,0.0,0.0,0.0,0.0,0.0,0.0,0.0,0.0,0.0,0.015889305123201844,0.015889305123201844,0.015889305123201844,0.005338685960658221,0.005338685960658221,0.005338685960658221,0.010550619162543622,0.010550619162543622,0.010550619162543622,0.0,0.0,0.0,31875.838428914227
2012-05-06,31405.017472169413,29395.92177488992,34795.979928715744,31396.70579274677,31415.73614119591,0.0,0.0,0.0,0.0,0.0,0.0,0.0,0.0,0.0,0.0,0.0,0.0,0.0,0.0,0.0,0.0,0.0,0.0,0.0,0.0,0.0,0.0,0.0,0.0,0.0,0.0,0.0,0.0,0.0,0.0,0.0,0.0,0.0,0.0,0.0,0.0,0.0,0.0,0.0,0.0,0.0,0.0,0.0,0.0,0.0,0.02061946138984289,0.02061946138984289,0.02061946138984289,0.0053386859606728045,0.0053386859606728045,0.0053386859606728045,0.015280775429170083,0.015280775429170083,0.015280775429170083,0.0,0.0,0.0,32052.572017384155
2012-05-13,31432.759617034844,29536.11361910184,34922.84749594112,31422.067793802355,31446.403756973366,0.0,0.0,0.0,0.0,0.0,0.0,0.0,0.0,0.0,0.0,0.0,0.0,0.0,0.0,0.0,0.0,0.0,0.0,0.0,0.0,0.0,0.0,0.0,0.0,0.0,0.0,0.0,0.0,0.0,0.0,0.0,0.0,0.0,0.0,0.0,0.0,0.0,0.0,0.0,0.0,0.0,0.0,0.0,0.0,0.0,0.02849887541750759,0.02849887541750759,0.02849887541750759,0.005338685960687387,0.005338685960687387,0.005338685960687387,0.023160189456820204,0.023160189456820204,0.023160189456820204,0.0,0.0,0.0,32328.557917389182
2012-05-20,31460.501761900272,29755.532463870557,35130.985472928056,31446.631594658316,31477.50297486765,0.0,0.0,0.0,0.0,0.0,0.0,0.0,0.0,0.0,0.0,0.0,0.0,0.0,0.0,0.0,0.0,0.0,0.0,0.0,0.0,0.0,0.0,0.0,0.0,0.0,0.0,0.0,0.0,0.0,0.0,0.0,0.0,0.0,0.0,0.0,0.0,0.0,0.0,0.0,0.0,0.0,0.0,0.0,0.0,0.0,0.030515718278837714,0.030515718278837714,0.030515718278837714,0.005338685960699889,0.005338685960699889,0.005338685960699889,0.025177032318137824,0.025177032318137824,0.025177032318137824,0.0,0.0,0.0,32420.5415705773
2012-05-27,31488.243906765707,29560.817127742557,34853.01856502014,31470.65031690744,31508.674637342443,0.0,0.0,0.0,0.0,0.0,0.0,0.0,0.0,0.0,0.0,0.0,0.0,0.0,0.0,0.0,0.0,0.0,0.0,0.0,0.0,0.0,0.0,0.0,0.0,0.0,0.0,0.0,0.0,0.0,0.0,0.0,0.0,0.0,0.0,0.0,0.0,0.0,0.0,0.0,0.0,0.0,0.0,0.0,0.0,0.0,0.023816055460356325,0.023816055460356325,0.023816055460356325,0.005338685960653733,0.005338685960653733,0.005338685960653733,0.018477369499702592,0.018477369499702592,0.018477369499702592,0.0,0.0,0.0,32238.169669998468
2012-06-03,31515.986051631135,29483.888394149682,34761.77098478129,31495.65007637469,31540.672083406775,0.0,0.0,0.0,0.0,0.0,0.0,0.0,0.0,0.0,0.0,0.0,0.0,0.0,0.0,0.0,0.0,0.0,0.0,0.0,0.0,0.0,0.0,0.0,0.0,0.0,0.0,0.0,0.0,0.0,0.0,0.0,0.0,0.0,0.0,0.0,0.0,0.0,0.0,0.0,0.0,0.0,0.0,0.0,0.0,0.0,0.01649752802042012,0.01649752802042012,0.01649752802042012,0.005338685960607573,0.005338685960607573,0.005338685960607573,0.01115884205981255,0.01115884205981255,0.01115884205981255,0.0,0.0,0.0,32035.921914609087
2012-06-10,31543.728196496562,29453.063795376627,34885.46312578738,31520.538363377927,31572.13490868847,0.0,0.0,0.0,0.0,0.0,0.0,0.0,0.0,0.0,0.0,0.0,0.0,0.0,0.0,0.0,0.0,0.0,0.0,0.0,0.0,0.0,0.0,0.0,0.0,0.0,0.0,0.0,0.0,0.0,0.0,0.0,0.0,0.0,0.0,0.0,0.0,0.0,0.0,0.0,0.0,0.0,0.0,0.0,0.0,0.0,0.018664607485164388,0.018664607485164388,0.018664607485164388,0.005338685960620076,0.005338685960620076,0.005338685960620076,0.013325921524544313,0.013325921524544313,0.013325921524544313,0.0,0.0,0.0,32132.479501902882
2012-06-17,31571.470341361997,29915.749857947674,35127.208717995,31544.93415296618,31603.409105759107,0.0,0.0,0.0,0.0,0.0,0.0,0.0,0.0,0.0,0.0,0.0,0.0,0.0,0.0,0.0,0.0,0.0,0.0,0.0,0.0,0.0,0.0,0.0,0.0,0.0,0.0,0.0,0.0,0.0,0.0,0.0,0.0,0.0,0.0,0.0,0.0,0.0,0.0,0.0,0.0,0.0,0.0,0.0,0.0,0.0,0.02935836677549528,0.02935836677549528,0.02935836677549528,0.005338685960634657,0.005338685960634657,0.005338685960634657,0.02401968081486062,0.02401968081486062,0.02401968081486062,0.0,0.0,0.0,32498.357147285376
2012-06-24,31599.212486227425,29989.10731092301,35285.365776893486,31567.690360814657,31635.59507050536,0.0,0.0,0.0,0.0,0.0,0.0,0.0,0.0,0.0,0.0,0.0,0.0,0.0,0.0,0.0,0.0,0.0,0.0,0.0,0.0,0.0,0.0,0.0,0.0,0.0,0.0,0.0,0.0,0.0,0.0,0.0,0.0,0.0,0.0,0.0,0.0,0.0,0.0,0.0,0.0,0.0,0.0,0.0,0.0,0.0,0.03582637129604015,0.03582637129604015,0.03582637129604015,0.00533868596064924,0.00533868596064924,0.00533868596064924,0.030487685335390913,0.030487685335390913,0.030487685335390913,0.0,0.0,0.0,32731.297605421474
2012-07-01,31626.954631092856,29995.78009681868,35054.453330270255,31589.716340625182,31667.585335615426,0.0,0.0,0.0,0.0,0.0,0.0,0.0,0.0,0.0,0.0,0.0,0.0,0.0,0.0,0.0,0.0,0.0,0.0,0.0,0.0,0.0,0.0,0.0,0.0,0.0,0.0,0.0,0.0,0.0,0.0,0.0,0.0,0.0,0.0,0.0,0.0,0.0,0.0,0.0,0.0,0.0,0.0,0.0,0.0,0.0,0.027340791736180432,0.027340791736180432,0.027340791736180432,0.005338685960603084,0.005338685960603084,0.005338685960603084,0.022002105775577346,0.022002105775577346,0.022002105775577346,0.0,0.0,0.0,32491.660610911196
2012-07-08,31654.696775958288,29263.44878772246,34750.100804349095,31613.269145715203,31701.193626339264,0.0,0.0,0.0,0.0,0.0,0.0,0.0,0.0,0.0,0.0,0.0,0.0,0.0,0.0,0.0,0.0,0.0,0.0,0.0,0.0,0.0,0.0,0.0,0.0,0.0,0.0,0.0,0.0,0.0,0.0,0.0,0.0,0.0,0.0,0.0,0.0,0.0,0.0,0.0,0.0,0.0,0.0,0.0,0.0,0.0,0.0076250991921574685,0.0076250991921574685,0.0076250991921574685,0.005338685960676324,0.005338685960676324,0.005338685960676324,0.002286413231481145,0.002286413231481145,0.002286413231481145,0.0,0.0,0.0,31896.066978772633
2012-07-15,31682.43892082372,28623.015086922085,34091.12858119933,31636.800256948485,31733.581728512945,0.0,0.0,0.0,0.0,0.0,0.0,0.0,0.0,0.0,0.0,0.0,0.0,0.0,0.0,0.0,0.0,0.0,0.0,0.0,0.0,0.0,0.0,0.0,0.0,0.0,0.0,0.0,0.0,0.0,0.0,0.0,0.0,0.0,0.0,0.0,0.0,0.0,0.0,0.0,0.0,0.0,0.0,0.0,0.0,0.0,-0.008849857560507943,-0.008849857560507943,-0.008849857560507943,0.005338685960630168,0.005338685960630168,0.005338685960630168,-0.014188543521138111,-0.014188543521138111,-0.014188543521138111,0.0,0.0,0.0,31402.053849204935
2012-07-22,31710.181065689147,28618.231788146084,33826.47913433818,31660.215354679756,31766.05786339313,0.0,0.0,0.0,0.0,0.0,0.0,0.0,0.0,0.0,0.0,0.0,0.0,0.0,0.0,0.0,0.0,0.0,0.0,0.0,0.0,0.0,0.0,0.0,0.0,0.0,0.0,0.0,0.0,0.0,0.0,0.0,0.0,0.0,0.0,0.0,0.0,0.0,0.0,0.0,0.0,0.0,0.0,0.0,0.0,0.0,-0.011952558330215926,-0.011952558330215926,-0.011952558330215926,0.0053386859607034085,0.0053386859607034085,0.0053386859607034085,-0.017291244290919335,-0.017291244290919335,-0.017291244290919335,0.0,0.0,0.0,31331.16327683979
2012-07-29,31737.92321055458,29061.36260836395,34364.04302166976,31682.15111731559,31798.9709090676,0.0,0.0,0.0,0.0,0.0,0.0,0.0,0.0,0.0,0.0,0.0,0.0,0.0,0.0,0.0,0.0,0.0,0.0,0.0,0.0,0.0,0.0,0.0,0.0,0.0,0.0,0.0,0.0,0.0,0.0,0.0,0.0,0.0,0.0,0.0,0.0,0.0,0.0,0.0,0.0,0.0,0.0,0.0,0.0,0.0,-0.004381314394914867,-0.004381314394914867,-0.004381314394914867,0.005338685960655171,0.005338685960655171,0.005338685960655171,-0.009720000355570038,-0.009720000355570038,-0.009720000355570038,0.0,0.0,0.0,31598.869390727476
2012-08-05,31765.66535542001,29064.451903765435,34404.26078939821,31705.232695945113,31831.870419451614,0.0,0.0,0.0,0.0,0.0,0.0,0.0,0.0,0.0,0.0,0.0,0.0,0.0,0.0,0.0,0.0,0.0,0.0,0.0,0.0,0.0,0.0,0.0,0.0,0.0,0.0,0.0,0.0,0.0,0.0,0.0,0.0,0.0,0.0,0.0,0.0,0.0,0.0,0.0,0.0,0.0,0.0,0.0,0.0,0.0,0.00493693926683392,0.00493693926683392,0.00493693926683392,0.005338685960669754,0.005338685960669754,0.005338685960669754,-0.000401746693835834,-0.000401746693835834,-0.000401746693835834,0.0,0.0,0.0,31922.49051605029
2012-08-12,31793.407500285437,29692.894099760793,34894.45153836706,31727.09697129902,31862.325091591974,0.0,0.0,0.0,0.0,0.0,0.0,0.0,0.0,0.0,0.0,0.0,0.0,0.0,0.0,0.0,0.0,0.0,0.0,0.0,0.0,0.0,0.0,0.0,0.0,0.0,0.0,0.0,0.0,0.0,0.0,0.0,0.0,0.0,0.0,0.0,0.0,0.0,0.0,0.0,0.0,0.0,0.0,0.0,0.0,0.0,0.01177565445627686,0.01177565445627686,0.01177565445627686,0.005338685960684337,0.005338685960684337,0.005338685960684337,0.006436968495592521,0.006436968495592521,0.006436968495592521,0.0,0.0,0.0,32167.795680996398
2012-08-19,31821.149645150872,29856.66592615875,35082.44611057798,31749.517995150825,31894.403457323253,0.0,0.0,0.0,0.0,0.0,0.0,0.0,0.0,0.0,0.0,0.0,0.0,0.0,0.0,0.0,0.0,0.0,0.0,0.0,0.0,0.0,0.0,0.0,0.0,0.0,0.0,0.0,0.0,0.0,0.0,0.0,0.0,0.0,0.0,0.0,0.0,0.0,0.0,0.0,0.0,0.0,0.0,0.0,0.0,0.0,0.017315584975309207,0.017315584975309207,0.017315584975309207,0.005338685960696836,0.005338685960696836,0.005338685960696836,0.011976899014612373,0.011976899014612373,0.011976899014612373,0.0,0.0,0.0,32372.151465843515
2012-08-26,31848.8917900163,29709.25506158388,35072.64845504285,31770.45828113485,31926.597853053187,0.0,0.0,0.0,0.0,0.0,0.0,0.0,0.0,0.0,0.0,0.0,0.0,0.0,0.0,0.0,0.0,0.0,0.0,0.0,0.0,0.0,0.0,0.0,0.0,0.0,0.0,0.0,0.0,0.0,0.0,0.0,0.0,0.0,0.0,0.0,0.0,0.0,0.0,0.0,0.0,0.0,0.0,0.0,0.0,0.0,0.01998443410307164,0.01998443410307164,0.01998443410307164,0.005338685960650679,0.005338685960650679,0.005338685960650679,0.01464574814242096,0.01464574814242096,0.01464574814242096,0.0,0.0,0.0,32485.373869249743
2012-09-02,31876.63393488173,29746.086616855882,34992.04617795571,31792.65088773583,31962.204081199576,0.0,0.0,0.0,0.0,0.0,0.0,0.0,0.0,0.0,0.0,0.0,0.0,0.0,0.0,0.0,0.0,0.0,0.0,0.0,0.0,0.0,0.0,0.0,0.0,0.0,0.0,0.0,0.0,0.0,0.0,0.0,0.0,0.0,0.0,0.0,0.0,0.0,0.0,0.0,0.0,0.0,0.0,0.0,0.0,0.0,0.013003225883041935,0.013003225883041935,0.013003225883041935,0.005338685960665262,0.005338685960665262,0.005338685960665262,0.007664539922376672,0.007664539922376672,0.007664539922376672,0.0,0.0,0.0,32291.133006328037
2012-09-09,31904.376079747162,29174.7447874874,34287.567604475225,31814.51172169445,31994.688850613984,0.0,0.0,0.0,0.0,0.0,0.0,0.0,0.0,0.0,0.0,0.0,0.0,0.0,0.0,0.0,0.0,0.0,0.0,0.0,0.0,0.0,0.0,0.0,0.0,0.0,0.0,0.0,0.0,0.0,0.0,0.0,0.0,0.0,0.0,0.0,0.0,0.0,0.0,0.0,0.0,0.0,0.0,0.0,0.0,0.0,-0.0060966259282578044,-0.0060966259282578044,-0.0060966259282578044,0.005338685960619105,0.005338685960619105,0.005338685960619105,-0.01143531188887691,-0.01143531188887691,-0.01143531188887691,0.0,0.0,0.0,31709.867033314487
2012-09-16,31932.11822461259,28582.363568880704,33818.46551350835,31837.76305818315,32025.81426803387,0.0,0.0,0.0,0.0,0.0,0.0,0.0,0.0,0.0,0.0,0.0,0.0,0.0,0.0,0.0,0.0,0.0,0.0,0.0,0.0,0.0,0.0,0.0,0.0,0.0,0.0,0.0,0.0,0.0,0.0,0.0,0.0,0.0,0.0,0.0,0.0,0.0,0.0,0.0,0.0,0.0,0.0,0.0,0.0,0.0,-0.026717561403782245,-0.026717561403782245,-0.026717561403782245,0.005338685960692346,0.005338685960692346,0.005338685960692346,-0.03205624736447459,-0.03205624736447459,-0.03205624736447459,0.0,0.0,0.0,31078.96989519367
2012-09-23,31959.86036947802,28347.914906814436,33599.62449723505,31859.17694116219,32059.53914675434,0.0,0.0,0.0,0.0,0.0,0.0,0.0,0.0,0.0,0.0,0.0,0.0,0.0,0.0,0.0,0.0,0.0,0.0,0.0,0.0,0.0,0.0,0.0,0.0,0.0,0.0,0.0,0.0,0.0,0.0,0.0,0.0,0.0,0.0,0.0,0.0,0.0,0.0,0.0,0.0,0.0,0.0,0.0,0.0,0.0,-0.03255743031080371,-0.03255743031080371,-0.03255743031080371,0.0053386859606461895,0.0053386859606461895,0.0053386859606461895,-0.0378961162714499,-0.0378961162714499,-0.0378961162714499,0.0,0.0,0.0,30919.329442755723
2012-09-30,31987.602514343453,28746.98446529546,33681.78109190839,31881.58127768052,32093.249859294086,0.0,0.0,0.0,0.0,0.0,0.0,0.0,0.0,0.0,0.0,0.0,0.0,0.0,0.0,0.0,0.0,0.0,0.0,0.0,0.0,0.0,0.0,0.0,0.0,0.0,0.0,0.0,0.0,0.0,0.0,0.0,0.0,0.0,0.0,0.0,0.0,0.0,0.0,0.0,0.0,0.0,0.0,0.0,0.0,0.0,-0.020189319961963794,-0.020189319961963794,-0.020189319961963794,0.005338685960600033,0.005338685960600033,0.005338685960600033,-0.025528005922563827,-0.025528005922563827,-0.025528005922563827,0.0,0.0,0.0,31341.794572365256
2012-10-07,32015.344659208884,29331.977978574523,34393.31150901492,31904.50399426399,32126.93653657426,0.0,0.0,0.0,0.0,0.0,0.0,0.0,0.0,0.0,0.0,0.0,0.0,0.0,0.0,0.0,0.0,0.0,0.0,0.0,0.0,0.0,0.0,0.0,0.0,0.0,0.0,0.0,0.0,0.0,0.0,0.0,0.0,0.0,0.0,0.0,0.0,0.0,0.0,0.0,0.0,0.0,0.0,0.0,0.0,0.0,-0.006170061289099901,-0.006170061289099901,-0.006170061289099901,0.005338685960673273,0.005338685960673273,0.005338685960673273,-0.011508747249773174,-0.011508747249773174,-0.011508747249773174,0.0,0.0,0.0,31817.808020469907
2012-10-14,32043.08680407431,29030.938489764027,34502.20216346666,31927.618868101115,32160.62321385443,0.0,0.0,0.0,0.0,0.0,0.0,0.0,0.0,0.0,0.0,0.0,0.0,0.0,0.0,0.0,0.0,0.0,0.0,0.0,0.0,0.0,0.0,0.0,0.0,0.0,0.0,0.0,0.0,0.0,0.0,0.0,0.0,0.0,0.0,0.0,0.0,0.0,0.0,0.0,0.0,0.0,0.0,0.0,0.0,0.0,-0.010300657907215294,-0.010300657907215294,-0.010300657907215294,0.005338685960627118,0.005338685960627118,0.005338685960627118,-0.015639343867842413,-0.015639343867842413,-0.015639343867842413,0.0,0.0,0.0,31713.021928614337
2012-10-21,32070.828948939747,28445.276457582913,33409.365945916405,31947.200535850734,32194.31011423444,0.0,0.0,0.0,0.0,0.0,0.0,0.0,0.0,0.0,0.0,0.0,0.0,0.0,0.0,0.0,0.0,0.0,0.0,0.0,0.0,0.0,0.0,0.0,0.0,0.0,0.0,0.0,0.0,0.0,0.0,0.0,0.0,0.0,0.0,0.0,0.0,0.0,0.0,0.0,0.0,0.0,0.0,0.0,0.0,0.0,-0.03180213932719593,-0.03180213932719593,-0.03180213932719593,0.005338685960641697,0.005338685960641697,0.005338685960641697,-0.03714082528783763,-0.03714082528783763,-0.03714082528783763,0.0,0.0,0.0,31050.907978366897
2012-10-28,32098.571093805174,28048.601636164174,33281.9933289687,31970.917159069224,32229.861525462955,0.0,0.0,0.0,0.0,0.0,0.0,0.0,0.0,0.0,0.0,0.0,0.0,0.0,0.0,0.0,0.0,0.0,0.0,0.0,0.0,0.0,0.0,0.0,0.0,0.0,0.0,0.0,0.0,0.0,0.0,0.0,0.0,0.0,0.0,0.0,0.0,0.0,0.0,0.0,0.0,0.0,0.0,0.0,0.0,0.0,-0.04717689753362733,-0.04717689753362733,-0.04717689753362733,0.005338685960652119,0.005338685960652119,0.005338685960652119,-0.052515583494279455,-0.052515583494279455,-0.052515583494279455,0.0,0.0,0.0,30584.260094336878
2012-11-04,32126.313238670606,28035.91825933159,33591.84733850656,31994.39584723008,32262.637410861964,0.0,0.0,0.0,0.0,0.0,0.0,0.0,0.0,0.0,0.0,0.0,0.0,0.0,0.0,0.0,0.0,0.0,0.0,0.0,0.0,0.0,0.0,0.0,0.0,0.0,0.0,0.0,0.0,0.0,0.0,0.0,0.0,0.0,0.0,0.0,0.0,0.0,0.0,0.0,0.0,0.0,0.0,0.0,0.0,0.0,-0.0353784154908967,-0.0353784154908967,-0.0353784154908967,0.005338685960666701,0.005338685960666701,0.005338685960666701,-0.0407171014515634,-0.0407171014515634,-0.0407171014515634,0.0,0.0,0.0,30989.735180722222
2012-11-11,32154.055383536037,29849.192260127184,35143.84239250518,32016.813750168327,32296.059403804622,0.0,0.0,0.0,0.0,0.0,0.0,0.0,0.0,0.0,0.0,0.0,0.0,0.0,0.0,0.0,0.0,0.0,0.0,0.0,0.0,0.0,0.0,0.0,0.0,0.0,0.0,0.0,0.0,0.0,0.0,0.0,0.0,0.0,0.011482512,0.011482512,0.011482512,0.0,0.0,0.0,0.0,0.0,0.0,0.011482512,0.011482512,0.011482512,0.008526929917895932,0.008526929917895932,0.008526929917895932,0.005338685960681283,0.005338685960681283,0.005338685960681283,-0.008294268042785352,-0.008294268042785352,-0.008294268042785352,0.0,0.0,0.0,32428.23076036759
2012-11-18,32181.797528401465,30451.507902472455,35458.853831367334,32037.032596923087,32330.391645418076,0.0,0.0,0.0,0.0,0.0,0.0,0.0,0.0,0.0,0.0,0.0,0.0,0.0,0.0,0.0,0.0,0.0,0.0,0.0,0.0,0.0,0.0,0.0,0.0,0.0,0.0,0.0,0.0,0.0,0.0,0.0,0.0,0.0,0.0,0.0,0.0,0.0,0.0,0.0,0.0,0.0,0.0,0.0,0.0,0.0,0.020655293483050785,0.020655293483050785,0.020655293483050785,0.005338685960695866,0.005338685960695866,0.005338685960695866,0.01531660752235492,0.01531660752235492,0.01531660752235492,0.0,0.0,0.0,32846.52200116272
2012-11-25,32209.539673266896,30126.772290425633,35308.58228658745,32058.702175351857,32365.302022724398,0.0,0.0,0.0,0.0,0.0,0.0,0.0,0.0,0.0,0.0,0.0,0.0,0.0,0.0,0.0,0.0,0.0,0.0,0.0,0.0,0.0,0.0,0.0,0.0,0.0,0.0,0.0,0.0,0.0,0.0,0.0,0.0,0.0,0.0,0.0,0.0,0.0,0.0,0.0,0.0,0.0,0.0,0.0,0.0,0.0,0.014065560349990442,0.014065560349990442,0.014065560349990442,0.005338685960647627,0.005338685960647627,0.005338685960647627,0.008726874389342816,0.008726874389342816,0.008726874389342816,0.0,0.0,0.0,32662.58489738664
2012-12-02,32237.281818132324,29295.918520655865,34450.48652373308,32078.87876391369,32399.799773728024,0.0,0.0,0.0,0.0,0.0,0.0,0.0,0.0,0.0,0.0,0.0,0.0,0.0,0.0,0.0,0.0,0.0,0.0,0.0,0.0,0.0,0.0,0.0,0.0,0.0,0.0,0.0,0.0,0.0,0.0,0.0,0.0,0.0,0.0,0.0,0.0,0.0,0.0,0.0,0.0,0.0,0.0,0.0,0.0,0.0,-0.013447501839684971,-0.013447501839684971,-0.013447501839684971,0.00533868596066221,0.00533868596066221,0.00533868596066221,-0.01878618780034718,-0.01878618780034718,-0.01878618780034718,0.0,0.0,0.0,31803.770911576546
2012-12-09,32265.02396299776,28683.93628535432,33916.222624642316,32098.483492977717,32434.900512909946,0.0,0.0,0.0,0.0,0.0,0.0,0.0,0.0,0.0,0.0,0.0,0.0,0.0,0.0,0.0,0.0,0.0,0.0,0.0,0.0,0.0,0.0,0.0,0.0,0.0,0.0,0.0,0.0,0.0,0.0,0.0,0.0,0.0,0.0,0.0,0.0,0.0,0.0,0.0,0.0,0.0,0.0,0.0,0.0,0.0,-0.03329621248221028,-0.03329621248221028,-0.03329621248221028,0.005338685960616055,0.005338685960616055,0.005338685960616055,-0.03863489844282633,-0.03863489844282633,-0.03863489844282633,0.0,0.0,0.0,31190.720869382178
2012-12-16,32292.766107863186,28573.657823533555,33881.58424814214,32118.51299554968,32470.254649239734,0.0,0.0,0.0,0.0,0.0,0.0,0.0,0.0,0.0,0.0,0.0,0.0,0.0,0.0,0.0,0.0,0.0,0.0,0.0,0.0,0.0,0.0,0.0,0.0,0.0,0.0,0.0,0.0,0.0,0.0,0.0,0.0,0.0,0.0,0.0,0.0,0.0,0.0,0.0,0.0,0.0,0.0,0.0,0.0,0.0,-0.029436681774730824,-0.029436681774730824,-0.029436681774730824,0.005338685960689294,0.005338685960689294,0.005338685960689294,-0.034775367735420115,-0.034775367735420115,-0.034775367735420115,0.0,0.0,0.0,31342.174228320204
2012-12-23,32320.508252728618,29043.631193802306,34381.2885269515,32137.180943187257,32506.642083006915,0.0,0.0,0.0,0.0,0.0,0.0,0.0,0.0,0.0,0.0,0.0,0.0,0.0,0.0,0.0,0.0,0.0,0.0,0.0,0.0,0.0,0.0,0.0,0.0,0.0,0.0,0.0,0.0,0.0,0.0,0.0,0.0,0.0,0.0,0.0,0.0,0.0,0.0,0.0,0.0,0.0,0.0,0.0,0.0,0.0,-0.013913300696024287,-0.013913300696024287,-0.013913300696024287,0.005338685960643138,0.005338685960643138,0.005338685960643138,-0.019251986656667424,-0.019251986656667424,-0.019251986656667424,0.0,0.0,0.0,31870.823302760073
2012-12-30,32348.25039759405,29412.98845629027,34662.43632710209,32158.49627031469,32541.936088536044,0.0,0.0,0.0,0.0,0.0,0.0,0.0,0.0,0.0,0.0,0.0,0.0,0.0,0.0,0.0,0.0,0.0,0.0,0.0,0.0,0.0,0.0,0.0,0.0,0.0,0.0,0.0,0.0,0.0,0.0,0.0,0.0,0.0,0.0,0.0,0.0,0.0,0.0,0.0,0.0,0.0,0.0,0.0,0.0,0.0,-0.00927152380488858,-0.00927152380488858,-0.00927152380488858,0.005338685960657723,0.005338685960657723,0.005338685960657723,-0.014610209765546302,-0.014610209765546302,-0.014610209765546302,0.0,0.0,0.0,32048.33282398626
2013-01-06,32375.99254245948,29066.341147388503,34409.576309640805,32181.440598201014,32579.27797316465,0.0,0.0,0.0,0.0,0.0,0.0,0.0,0.0,0.0,0.0,0.0,0.0,0.0,0.0,0.0,0.0,0.0,0.0,0.0,0.0,0.0,0.0,0.0,0.0,0.0,0.0,0.0,0.0,0.0,0.0,0.0,0.0,0.0,0.0,0.0,0.0,0.0,0.0,0.0,0.0,0.0,0.0,0.0,0.0,0.0,-0.0201794380965995,-0.0201794380965995,-0.0201794380965995,0.005338685960672302,0.005338685960672302,0.005338685960672302,-0.0255181240572718,-0.0255181240572718,-0.0255181240572718,0.0,0.0,0.0,31722.66320513295
2013-01-13,32403.734687324908,28835.88463467029,34044.31096836591,32202.272054376823,32614.25265129698,0.0,0.0,0.0,0.0,0.0,0.0,0.0,0.0,0.0,0.0,0.0,0.0,0.0,0.0,0.0,0.0,0.0,0.0,0.0,0.0,0.0,0.0,0.0,0.0,0.0,0.0,0.0,0.0,0.0,0.0,0.0,0.0,0.0,0.0,0.0,0.0,0.0,0.0,0.0,0.0,0.0,0.0,0.0,0.0,0.0,-0.028309426080372062,-0.028309426080372062,-0.028309426080372062,0.005338685960684805,0.005338685960684805,0.005338685960684805,-0.03364811204105687,-0.03364811204105687,-0.03364811204105687,0.0,0.0,0.0,31486.4035554661
